Date,Bitcoin
2014-09-17,1067.28036386257
2014-09-18,999.6835163779907
2014-09-19,932.9818635147603
2014-09-22,951.0895028891755
2014-09-23,1044.0244533798686
2014-09-24,1019.7970209492926
2014-09-25,979.2991939221904
2014-09-26,980.8114745330241
2014-09-29,908.5550881880845
2014-09-30,945.497680833374
2014-10-01,934.4477443219512
2014-10-02,930.8161388066655
2014-10-03,895.939838909726
2014-10-06,810.310970361119
2014-10-07,815.354320150218
2014-10-08,844.6559858385008
2014-10-09,866.5717527751694
2014-10-10,865.904892070801
2014-10-13,931.5277754749259
2014-10-14,958.2797508531949
2014-10-15,945.9156273382833
2014-10-16,938.1803219806534
2014-10-17,946.3088199902851
2014-10-20,930.581368856474
2014-10-21,951.5787315743728
2014-10-22,949.4654694840211
2014-10-23,890.4152971857693
2014-10-24,894.3215774435957
2014-10-27,871.4945636009215
2014-10-28,901.054311153246
2014-10-29,824.9497971770179
2014-10-30,848.6905804387061
2014-10-31,812.511708959355
2014-11-03,790.5515673513364
2014-11-04,823.6852336468874
2014-11-05,846.6441371163455
2014-11-06,873.6791320840348
2014-11-07,878.8423897986286
2014-11-10,935.2525714939549
2014-11-11,937.4016851955822
2014-11-12,1081.9442163535132
2014-11-13,1078.3858828444788
2014-11-14,1028.7175756871875
2014-11-17,1006.0211015724417
2014-11-18,977.2782587180847
2014-11-19,981.4893411076192
2014-11-20,919.2552053598629
2014-11-21,901.5740858337158
2014-11-24,946.7753460839158
2014-11-25,954.322276675186
2014-11-26,930.9078464186168
2014-11-27,923.3987299255676
2014-11-28,951.3568293963544
2014-12-01,960.0587434768385
2014-12-02,975.0224314233493
2014-12-03,961.8631445785286
2014-12-04,942.1575375949033
2014-12-05,975.4112144290702
2014-12-08,935.9328927840401
2014-12-09,914.5718598022358
2014-12-10,896.9121250353055
2014-12-11,915.9072780444403
2014-12-12,933.0728573706001
2014-12-15,915.0261252465134
2014-12-16,880.483657468343
2014-12-17,874.6512949379394
2014-12-18,844.5059081455694
2014-12-19,845.2398837407745
2014-12-22,881.6551562308449
2014-12-23,890.7644711749526
2014-12-24,868.0034973842994
2014-12-25,858.5143234929565
2014-12-26,883.8207840601681
2014-12-29,841.926516769614
2014-12-30,838.7723985473713
2014-12-31,849.8242043465725
2015-01-01,834.0797012231051
2015-01-02,835.8429087301411
2015-01-05,738.6644310929405
2015-01-06,773.5974636448591
2015-01-07,793.7091576648527
2015-01-08,759.6019855569466
2015-01-09,772.3981055279002
2015-01-12,703.3393864758546
2015-01-13,603.0940467186375
2015-01-14,470.12067728439433
2015-01-15,548.1334731600365
2015-01-16,549.1055559685265
2015-01-19,562.2697240455456
2015-01-20,559.583236683975
2015-01-21,592.428089135559
2015-01-22,606.1787423582864
2015-01-23,598.6620233944487
2015-01-26,704.958688333507
2015-01-27,679.7391751814939
2015-01-28,600.9977773484026
2015-01-29,600.8523225788376
2015-01-30,588.7502788561724
2015-02-02,638.167880927911
2015-02-03,618.9871191418787
2015-02-04,610.484073018808
2015-02-05,594.515049044705
2015-02-06,609.3644914770266
2015-02-09,611.8177367891732
2015-02-10,608.1406300596683
2015-02-11,620.5346437453117
2015-02-12,635.4647577653958
2015-02-13,663.1978438460501
2015-02-16,661.986144472121
2015-02-17,688.4418556844141
2015-02-18,667.786400130517
2015-02-19,680.9620620735441
2015-02-20,698.0124513605952
2015-02-23,684.2105673842742
2015-02-24,686.2915228293497
2015-02-25,678.4518202108957
2015-02-26,678.258876324493
2015-02-27,737.3703412486648
2015-03-02,782.020721223016
2015-03-03,814.8793512510965
2015-03-04,799.5861182683221
2015-03-05,820.6353422571192
2015-03-06,818.1962201437055
2015-03-09,885.3285599329247
2015-03-10,911.0789754833677
2015-03-11,919.2490793472898
2015-03-12,920.4155223505804
2015-03-13,902.5494836588696
2015-03-16,942.9742097557464
2015-03-17,925.8356290716038
2015-03-18,831.9978719613574
2015-03-19,839.6924443834723
2015-03-20,861.2588936925605
2015-03-23,860.1297929621651
2015-03-24,768.2948304204692
2015-03-25,772.1230389033445
2015-03-26,794.6313455659547
2015-03-27,785.4287530661895
2015-03-30,802.2812670001877
2015-03-31,787.8666380849609
2015-04-01,788.4267641976619
2015-04-02,800.5837280714186
2015-04-03,794.0441709420412
2015-04-06,797.5438185990643
2015-04-07,790.3266430197837
2015-04-08,765.71823697551
2015-04-09,742.2614239074392
2015-04-10,721.2707999906526
2015-04-13,689.8863623924335
2015-04-14,683.6007402158139
2015-04-15,685.9585869308502
2015-04-16,691.6390089807101
2015-04-17,672.7916137321517
2015-04-20,682.1217980136496
2015-04-21,712.7239260317765
2015-04-22,708.6165658457031
2015-04-23,710.6155978065655
2015-04-24,686.5190505653298
2015-04-27,676.0038740690725
2015-04-28,657.9381890016192
2015-04-29,662.7012940443055
2015-04-30,697.2653304236845
2015-05-01,698.8130735775521
2015-05-04,719.707128829017
2015-05-05,727.9610367135828
2015-05-06,701.54744218813
2015-05-07,718.8135115799704
2015-05-08,736.7833207001459
2015-05-11,719.4998611585908
2015-05-12,736.9347299319488
2015-05-13,713.2675761507417
2015-05-14,719.4349056717911
2015-05-15,710.4152033736682
2015-05-18,697.379117893277
2015-05-19,697.1863133479239
2015-05-20,709.4489847259246
2015-05-21,706.4320494361455
2015-05-22,729.8647959462724
2015-05-25,732.4327887196162
2015-05-26,733.4471953855027
2015-05-27,746.9668994393978
2015-05-28,744.9626052173588
2015-05-29,748.8439983523494
2015-06-01,707.9683934816348
2015-06-02,715.6826141784223
2015-06-03,706.6693476245637
2015-06-04,702.851957203944
2015-06-05,706.3942347982883
2015-06-08,717.3640682210499
2015-06-09,712.3163875830506
2015-06-10,708.2596654830704
2015-06-11,715.3013945413877
2015-06-12,709.9774222864653
2015-06-15,738.1299368448672
2015-06-16,783.6705731220535
2015-06-17,769.514768003035
2015-06-18,759.5709689977048
2015-06-19,747.9562487284311
2015-06-22,763.9894771712608
2015-06-23,753.5065835862515
2015-06-24,739.2950260427169
2015-06-25,751.4385866064003
2015-06-26,761.0850510398741
2015-06-29,803.5049295164063
2015-06-30,819.4692543704223
2015-07-01,803.7940851879903
2015-07-02,803.3984399357832
2015-07-03,793.1036053806455
2015-07-06,841.8486672540894
2015-07-07,834.5855381405418
2015-07-08,860.7442830836371
2015-07-09,870.0641021431948
2015-07-10,917.672129697974
2015-07-13,921.605577668015
2015-07-14,900.107264766848
2015-07-15,896.5026560947445
2015-07-16,871.9758597522741
2015-07-17,880.5044233567023
2015-07-20,888.6102348358909
2015-07-21,881.1485350392759
2015-07-22,879.3204231997515
2015-07-23,888.8226050962113
2015-07-24,946.7626437857836
2015-07-27,985.4021045580448
2015-07-28,989.7752695376985
2015-07-29,971.4296587335775
2015-07-30,956.3591009870142
2015-07-31,959.4982046383666
2015-08-03,961.6275621937382
2015-08-04,983.6598185812763
2015-08-05,977.087539836386
2015-08-06,970.5065198626544
2015-08-07,987.3823553961411
2015-08-10,934.002255907486
2015-08-11,928.9651169307763
2015-08-12,924.5911088892971
2015-08-13,917.7043720155634
2015-08-14,935.0075939672242
2015-08-17,897.2147835335635
2015-08-18,733.837218738121
2015-08-19,785.4374152840028
2015-08-20,820.9714463115887
2015-08-21,804.1770684616059
2015-08-24,736.3114732470422
2015-08-25,786.2908687612435
2015-08-26,815.5886391750389
2015-08-27,807.8422524661728
2015-08-28,821.5020619777497
2015-08-31,823.3014214209105
2015-09-01,825.6155291508546
2015-09-02,846.6311836186214
2015-09-03,852.8222702722634
2015-09-04,860.163021342487
2015-09-07,920.9405224344555
2015-09-08,934.2328336947248
2015-09-09,908.8252892106901
2015-09-10,901.1330858305628
2015-09-11,923.9557132999907
2015-09-14,892.1771246328534
2015-09-15,877.6194421752807
2015-09-16,884.2225377649446
2015-09-17,879.8505405223692
2015-09-18,906.5989617693048
2015-09-21,894.4878167574971
2015-09-22,918.1824931247755
2015-09-23,932.1165018550091
2015-09-24,979.1820217008863
2015-09-25,924.8213615887144
2015-09-28,948.8198180537801
2015-09-29,971.2924654746674
2015-09-30,957.0816463572847
2015-10-01,937.2970568224082
2015-10-02,948.887254794761
2015-10-05,944.1042175329494
2015-10-06,962.0817252448068
2015-10-07,935.1876528861466
2015-10-08,940.2122254226198
2015-10-09,922.5226306689582
2015-10-12,922.1372880203127
2015-10-13,938.2748060527956
2015-10-14,979.9347932856437
2015-10-15,968.2217145333561
2015-10-16,996.9306421445654
2015-10-19,1032.8575111404064
2015-10-20,1047.618294897693
2015-10-21,1039.0732062939203
2015-10-22,1078.7464134217732
2015-10-23,1078.9703164662349
2015-10-26,1105.7086610959234
2015-10-27,1146.918924269521
2015-10-28,1182.953574605053
2015-10-29,1223.1557825787022
2015-10-30,1261.119358976692
2015-11-02,1391.0832600844296
2015-11-03,1561.3044103852005
2015-11-04,1550.3989725610006
2015-11-05,1466.445233055856
2015-11-06,1415.5340917549402
2015-11-09,1432.1618818126956
2015-11-10,1279.6090376163193
2015-11-11,1165.1340544263514
2015-11-12,1272.4322296857642
2015-11-13,1268.5148618207895
2015-11-16,1270.282322333922
2015-11-17,1281.935553433432
2015-11-18,1274.2190891801147
2015-11-19,1228.635879464491
2015-11-20,1211.1891426136717
2015-11-23,1195.1409385294903
2015-11-24,1193.4194779123939
2015-11-25,1213.1149589320119
2015-11-26,1318.826482244331
2015-11-27,1338.5041773109697
2015-11-30,1449.4409100439589
2015-12-01,1401.596139562549
2015-12-02,1383.0855088314274
2015-12-03,1383.6365285708237
2015-12-04,1364.0790478855051
2015-12-07,1483.6555476257927
2015-12-08,1562.3090655400883
2015-12-09,1592.7940578242997
2015-12-10,1555.0133094449995
2015-12-11,1720.8894964306382
2015-12-14,1693.532752204832
2015-12-15,1807.492897585369
2015-12-16,1776.9266741042084
2015-12-17,1775.4660530815017
2015-12-18,1797.114735134448
2015-12-21,1745.0814241960836
2015-12-22,1751.2649818229838
2015-12-23,1763.0564373644302
2015-12-24,1793.095820327988
2015-12-25,1782.9702968989732
2015-12-28,1650.3507661516928
2015-12-29,1669.192733716096
2015-12-30,1648.502314344223
2015-12-31,1703.6244311228584
2016-01-01,1715.6193795363433
2016-01-04,1710.3196891976118
2016-01-05,1743.952120958129
2016-01-06,1727.9628891872271
2016-01-07,1841.3071009431878
2016-01-08,1831.729130895692
2016-01-11,1790.662754238692
2016-01-12,1764.7186901560056
2016-01-13,1740.3797105427366
2016-01-14,1727.2913457931427
2016-01-15,1459.4734932825377
2016-01-18,1550.3368649565673
2016-01-19,1540.4777302851728
2016-01-20,1705.4615413501451
2016-01-21,1682.6484981347312
2016-01-22,1588.680570893601
2016-01-25,1601.9635114881971
2016-01-26,1603.0823740054623
2016-01-27,1606.3114769479437
2016-01-28,1561.0482777220022
2016-01-29,1543.3207207340165
2016-02-01,1491.1421794593264
2016-02-02,1482.7017781472532
2016-02-03,1474.3577938413364
2016-02-04,1516.4166607400987
2016-02-05,1502.2067485693844
2016-02-08,1455.8830814627727
2016-02-09,1463.354384075894
2016-02-10,1481.370544511694
2016-02-11,1490.6354861464354
2016-02-12,1532.248696123934
2016-02-15,1588.0140946413594
2016-02-16,1627.914539700927
2016-02-17,1691.3080883026123
2016-02-18,1681.4246401146372
2016-02-19,1693.4913379377977
2016-02-22,1758.1709492096852
2016-02-23,1658.877889898242
2016-02-24,1680.0595531925867
2016-02-25,1678.8168452610844
2016-02-26,1707.8215229469788
2016-02-29,1735.337252906429
2016-03-01,1746.1049757651926
2016-03-02,1662.8848825080786
2016-03-03,1639.9272836178716
2016-03-04,1559.965479690094
2016-03-07,1561.4930474636133
2016-03-08,1565.269486337071
2016-03-09,1556.845104535605
2016-03-10,1533.7489803333594
2016-03-11,1523.987703408566
2016-03-14,1487.391602776479
2016-03-15,1523.5135889960293
2016-03-16,1568.9204399072332
2016-03-17,1571.6924040776503
2016-03-18,1482.8094977339279
2016-03-21,1496.6259813266224
2016-03-22,1510.388319434569
2016-03-23,1495.6670513480424
2016-03-24,1532.3715902904369
2016-03-25,1534.0433045240934
2016-03-28,1562.654864483331
2016-03-29,1531.6126357707253
2016-03-30,1507.8147516201423
2016-03-31,1498.599209258915
2016-04-01,1499.0134798574072
2016-04-04,1495.5361617426315
2016-04-05,1533.8012682342376
2016-04-06,1555.492357366566
2016-04-07,1537.2698936322995
2016-04-08,1547.9772327833343
2016-04-11,1515.1085402452663
2016-04-12,1483.2753737979513
2016-04-13,1475.6537179362494
2016-04-14,1482.2292097762183
2016-04-15,1492.1784734670364
2016-04-18,1513.3547897428073
2016-04-19,1572.1439477977547
2016-04-20,1556.0286798303423
2016-04-21,1583.953425091677
2016-04-22,1570.955479208715
2016-04-25,1643.7378062225107
2016-04-26,1654.8023561730806
2016-04-27,1565.3872249288252
2016-04-28,1581.1922380268807
2016-04-29,1583.6010185052878
2016-05-02,1526.4597892470047
2016-05-03,1574.4878925064695
2016-05-04,1588.0519531461034
2016-05-05,1588.254114247902
2016-05-06,1623.82329741773
2016-05-09,1611.230056355198
2016-05-10,1583.994101565113
2016-05-11,1571.1472831883511
2016-05-12,1567.5783838476636
2016-05-13,1584.4101560617128
2016-05-16,1603.2862048560928
2016-05-17,1585.7446213281582
2016-05-18,1584.8472352930185
2016-05-19,1561.16733706151
2016-05-20,1576.3249381538408
2016-05-23,1579.992617482334
2016-05-24,1590.5911691255824
2016-05-25,1603.8545457475996
2016-05-26,1621.7092416272644
2016-05-27,1696.2794409966154
2016-05-30,1926.6618764125742
2016-05-31,1895.666356275324
2016-06-01,1923.8916708841862
2016-06-02,1931.8574407402484
2016-06-03,2037.7713648903882
2016-06-06,2063.725049213274
2016-06-07,2009.1521541643306
2016-06-08,1997.8925039916064
2016-06-09,1929.3202852348331
2016-06-10,1961.0302798990742
2016-06-13,2406.007527379319
2016-06-14,2383.8943348054745
2016-06-15,2413.349229619489
2016-06-16,2658.5523110670333
2016-06-17,2592.1238181126682
2016-06-20,2516.0049920702436
2016-06-21,2261.0835318009194
2016-06-22,2034.0075442731177
2016-06-23,2105.485558404471
2016-06-24,2220.1027294144737
2016-06-27,2206.7697652107454
2016-06-28,2192.880479710875
2016-06-29,2113.2367794789316
2016-06-30,2179.995849910294
2016-07-01,2168.1373809296347
2016-07-04,2208.6384972941887
2016-07-05,2205.356983393096
2016-07-06,2234.5826284486684
2016-07-07,2131.1497506777528
2016-07-08,2240.250462050244
2016-07-11,2135.785026580852
2016-07-12,2197.8031212581554
2016-07-13,2155.4903809411917
2016-07-14,2146.387225903163
2016-07-15,2154.517539897497
2016-07-18,2205.499100738438
2016-07-19,2186.404259032628
2016-07-20,2162.0783096650844
2016-07-21,2163.084670346012
2016-07-22,2126.613315609342
2016-07-25,2126.7962751702726
2016-07-26,2139.2202305669343
2016-07-27,2139.730993988953
2016-07-28,2134.4969612398854
2016-07-29,2156.182012606616
2016-08-01,1968.0801289796366
2016-08-02,1783.8600234570913
2016-08-03,1842.239473555237
2016-08-04,1870.533642963739
2016-08-05,1832.604574368961
2016-08-08,1868.1444776560675
2016-08-09,1862.5063774860464
2016-08-10,1860.920598766068
2016-08-11,1840.8232896437985
2016-08-12,1844.3477310449819
2016-08-15,1809.779200743942
2016-08-16,1839.0277574138454
2016-08-17,1834.9790749522217
2016-08-18,1840.5742416148132
2016-08-19,1863.8324035697442
2016-08-22,1880.2499352687591
2016-08-23,1866.169461729005
2016-08-24,1877.178939554753
2016-08-25,1862.2969757707324
2016-08-26,1871.2873812902253
2016-08-29,1873.9426840930828
2016-08-30,1863.9487092532218
2016-08-31,1862.6876949210273
2016-09-01,1846.2494490799145
2016-09-02,1872.3369582757005
2016-09-05,1975.1177496521702
2016-09-06,1994.4164104569063
2016-09-07,1964.2670257745485
2016-09-08,1998.3864281344868
2016-09-09,2002.4359131339588
2016-09-12,1989.9885032546008
2016-09-13,1978.1447430029218
2016-09-14,2023.8679305231344
2016-09-15,2030.0227790771169
2016-09-16,2002.889530429733
2016-09-19,1989.4307768481667
2016-09-20,1989.9102172303246
2016-09-21,1944.3767797536127
2016-09-22,1913.8779593391225
2016-09-23,1939.3426541964873
2016-09-26,1972.0051929348701
2016-09-27,1964.3416563672945
2016-09-28,1954.8438052741112
2016-09-29,1948.9988540225604
2016-09-30,1987.309233802225
2016-10-03,1995.4311129215637
2016-10-04,1957.9614733821072
2016-10-05,1993.4169512643712
2016-10-06,1973.0080139577622
2016-10-07,1991.572819108551
2016-10-10,1992.7274635316865
2016-10-11,2053.1612988914712
2016-10-12,2033.206042558886
2016-10-13,2038.161013003526
2016-10-14,2034.672974777437
2016-10-17,2046.6959019339704
2016-10-18,2044.1515211436927
2016-10-19,2006.1255406105192
2016-10-20,1997.3563465776679
2016-10-21,1986.5104313119082
2016-10-24,2058.627990797395
2016-10-25,2054.6337694972462
2016-10-26,2109.796785584753
2016-10-27,2160.476742762257
2016-10-28,2182.9522392022773
2016-10-31,2245.2833409170125
2016-11-01,2334.0240586718865
2016-11-02,2396.655854446086
2016-11-03,2240.0656284411234
2016-11-04,2291.420850516297
2016-11-07,2272.7303016349033
2016-11-08,2272.152590335463
2016-11-09,2291.401309592402
2016-11-10,2313.3214396099356
2016-11-11,2432.6452857401746
2016-11-14,2390.0212507174583
2016-11-15,2448.182900846936
2016-11-16,2561.3062362512574
2016-11-17,2556.8893315880996
2016-11-18,2579.7404205310304
2016-11-21,2500.3583886219135
2016-11-22,2545.112710317553
2016-11-23,2504.516370337049
2016-11-24,2540.005512725038
2016-11-25,2514.7092951371305
2016-11-28,2517.21623571706
2016-11-29,2506.3500342263146
2016-11-30,2575.4674756912136
2016-12-01,2577.799282678898
2016-12-02,2779.593768221559
2016-12-05,2636.2549127351376
2016-12-06,2613.6461349658202
2016-12-07,2616.4881486234667
2016-12-08,2606.5710130578077
2016-12-09,2607.1750646313158
2016-12-12,2634.3537878117786
2016-12-13,2604.9496883661773
2016-12-14,2605.613936505397
2016-12-15,2621.3784821206355
2016-12-16,2641.761435827415
2016-12-19,2687.617455957923
2016-12-20,2694.0666544816927
2016-12-21,2797.427691985795
2016-12-22,2874.9413415410813
2016-12-23,3029.9159963822744
2016-12-26,2967.430862687091
2016-12-27,3051.184094673022
2016-12-28,3190.6760686678167
2016-12-29,3195.5039608048533
2016-12-30,3126.2342926872225
2017-01-02,3323.9571553468704
2017-01-03,3427.9703641333035
2017-01-04,3768.4612626276216
2017-01-05,3257.104556175414
2017-01-06,2884.9681231263967
2017-01-09,2909.0923159605018
2017-01-10,2900.4882025019324
2017-01-11,2484.544773597503
2017-01-12,2572.490888205357
2017-01-13,2625.872241723584
2017-01-16,2649.9325428452576
2017-01-17,2942.1730267808307
2017-01-18,2845.866399672712
2017-01-19,2903.6461119640153
2017-01-20,2859.518602614
2017-01-23,2894.0959819479176
2017-01-24,2822.4085341455648
2017-01-25,2856.7160924172495
2017-01-26,2907.3711873542634
2017-01-27,2921.217989385128
2017-01-30,2862.019988209242
2017-01-31,3032.994588642774
2017-02-01,3115.5213774324657
2017-02-02,3164.910383044815
2017-02-03,3215.8940227941494
2017-02-06,3238.5089199749928
2017-02-07,3304.725326670916
2017-02-08,3313.270031442604
2017-02-09,3098.3980154570895
2017-02-10,3093.363162610767
2017-02-13,3078.02385753658
2017-02-14,3124.2509480745503
2017-02-15,3104.2471993704094
2017-02-16,3139.9590936214663
2017-02-17,3230.1733541688886
2017-02-20,3343.078021301422
2017-02-21,3441.2583027864457
2017-02-22,3457.2473959262716
2017-02-23,3572.8465275632334
2017-02-24,3591.813199554541
2017-02-27,3651.5350267757312
2017-02-28,3664.1606906082015
2017-03-01,3799.530048966408
2017-03-02,3863.369227646035
2017-03-03,4022.0833020872087
2017-03-06,3971.2293172267964
2017-03-07,3838.4899538371246
2017-03-08,3583.2850456237798
2017-03-09,3754.7965317833587
2017-03-10,3563.7883479340235
2017-03-13,3877.4683853118913
2017-03-14,3908.9760208129883
2017-03-15,3953.3912403159775
2017-03-16,3682.0924092439236
2017-03-17,3431.9472555224784
2017-03-20,3253.9863264836604
2017-03-21,3441.178571098484
2017-03-22,3238.4855004723063
2017-03-23,3203.842331712978
2017-03-24,2942.0314878161303
2017-03-27,3252.030992635875
2017-03-28,3272.553291051503
2017-03-29,3263.841836984968
2017-03-30,3204.617388548068
2017-03-31,3373.673582413001
2017-04-03,3570.7461789592635
2017-04-04,3527.807154893875
2017-04-05,3481.868934690312
2017-04-06,3689.4887636812928
2017-04-07,3697.23142220726
2017-04-10,3733.1677861317294
2017-04-11,3773.8502718182867
2017-04-12,3765.320661584934
2017-04-13,3652.246298631595
2017-04-14,3668.8778494813014
2017-04-17,3753.2948364522017
2017-04-18,3792.890793103434
2017-04-19,3759.765897850739
2017-04-20,3869.51234265932
2017-04-21,3845.9136741700345
2017-04-24,3933.972148330766
2017-04-25,3957.18731773569
2017-04-26,4031.8149755068007
2017-04-27,4178.653410871862
2017-04-28,4187.854323245119
2017-05-01,4515.143704692688
2017-05-02,4612.8487394841795
2017-05-03,4694.081246620975
2017-05-04,4862.2665638609615
2017-05-05,4953.952620096795
2017-05-08,5476.289291048888
2017-05-09,5610.832529280946
2017-05-10,5695.225905014435
2017-05-11,5852.017802808549
2017-05-12,5412.389224106447
2017-05-15,5524.209255950991
2017-05-16,5391.01746526733
2017-05-17,5693.45457447198
2017-05-18,5917.895917334594
2017-05-19,6696.594774990808
2017-05-22,7070.721797000966
2017-05-23,7577.099057100713
2017-05-24,7987.281321186922
2017-05-25,7546.965365881333
2017-05-26,7209.621538643725
2017-05-29,7167.652334724553
2017-05-30,7082.024817315688
2017-05-31,7445.008127633191
2017-06-01,7765.6535074231215
2017-06-02,8085.299289010814
2017-06-05,8729.983526290278
2017-06-06,9437.393076171575
2017-06-07,8950.555934604492
2017-06-08,9166.802301722346
2017-06-09,9204.491052629775
2017-06-12,8451.505992244929
2017-06-13,9011.540249029174
2017-06-14,8307.11301027867
2017-06-15,8065.584604784381
2017-06-16,8244.758463373177
2017-06-19,8516.158798172604
2017-06-20,8930.465391651494
2017-06-21,8942.602405530168
2017-06-22,9018.213430954318
2017-06-23,9167.175588446378
2017-06-26,8281.740620567987
2017-06-27,8409.812209147203
2017-06-28,8527.704702684423
2017-06-29,8327.700183558045
2017-06-30,8193.47066426929
2017-07-03,8147.813757741824
2017-07-04,8586.712247115793
2017-07-05,8610.505401741308
2017-07-06,8574.336758359219
2017-07-07,8304.777580886672
2017-07-10,7539.284199560061
2017-07-12,7803.6664940888295
2017-07-13,7561.313369058305
2017-07-14,7169.0217673240695
2017-07-17,7081.218272917904
2017-07-18,7376.820746893063
2017-07-19,7167.442425803631
2017-07-20,8868.960028385627
2017-07-21,8319.143072941224
2017-07-24,8754.119081054814
2017-07-25,8101.483344919863
2017-07-26,8021.391778752382
2017-07-27,8382.709969319345
2017-07-28,8855.685097160458
2017-07-31,9136.968320137821
2017-08-01,8496.7368512947
2017-08-02,8464.880335004535
2017-08-03,8728.88070620026
2017-08-04,9010.561472561965
2017-08-07,10573.717155643273
2017-08-08,10684.57672631659
2017-08-09,10448.226982149936
2017-08-10,10658.808633917477
2017-08-11,11585.607852112735
2017-08-14,13743.965413402766
2017-08-15,13328.648146590916
2017-08-16,13863.41245116503
2017-08-17,13650.888068011263
2017-08-18,13202.895933733089
2017-08-21,12716.329337940551
2017-08-22,12969.945259760134
2017-08-23,13120.879227606812
2017-08-24,13607.86194378452
2017-08-25,13755.240190888988
2017-08-28,13843.508588735016
2017-08-29,14496.262011027895
2017-08-30,14445.521950241877
2017-08-31,14857.068230989506
2017-09-01,15390.26227477938
2017-09-04,13461.722654188052
2017-09-05,13739.677630892722
2017-09-06,14323.70641920995
2017-09-07,14249.967492399272
2017-09-08,13098.975929021835
2017-09-11,13223.26791885309
2017-09-12,12804.271831470076
2017-09-13,12121.058312339124
2017-09-14,9880.040961396297
2017-09-15,11342.150910643279
2017-09-18,12641.552143939363
2017-09-19,12304.388726487989
2017-09-20,12236.560406351695
2017-09-21,11367.333857640622
2017-09-22,11380.42909389839
2017-09-25,12263.080285358417
2017-09-26,12289.316945512315
2017-09-27,13290.499139574356
2017-09-28,13325.320686766996
2017-09-29,13242.30920723104
2017-10-02,13948.442044307827
2017-10-03,13612.582546423539
2017-10-04,13283.573455367004
2017-10-05,13561.774399400689
2017-10-06,13778.541702073533
2017-10-09,15058.10886216606
2017-10-10,15239.246493499726
2017-10-11,15337.587792872102
2017-10-12,17265.070617352612
2017-10-13,17896.007859964622
2017-10-16,18013.850432232954
2017-10-17,17771.14764845092
2017-10-18,17644.77671814605
2017-10-19,18096.579163659713
2017-10-20,19025.63911069301
2017-10-23,18923.058045151993
2017-10-24,17875.36504583701
2017-10-25,18647.54324046662
2017-10-26,19079.686829054262
2017-10-27,18998.927396738436
2017-10-30,19831.038364078267
2017-10-31,21263.571709614243
2017-11-01,22126.396389316764
2017-11-02,23119.797164440155
2017-11-03,23530.452808563132
2017-11-06,23123.13821760239
2017-11-07,23204.231486795466
2017-11-08,24393.932948160218
2017-11-09,23225.922597447876
2017-11-10,21500.351223429316
2017-11-13,21491.514389432035
2017-11-14,21738.05267572403
2017-11-15,24228.3363270096
2017-11-17,25213.024081044365
2017-11-20,26688.981016331818
2017-11-21,26263.87886168668
2017-11-22,26884.286953906998
2017-11-23,25908.151202907553
2017-11-24,26579.358953829626
2017-11-27,31741.741512052246
2017-11-28,32453.710669167805
2017-11-29,31739.473709172104
2017-11-30,33205.98494160641
2017-12-01,35903.380801598076
2017-12-04,37972.16433421662
2017-12-05,38641.09162600944
2017-12-06,46308.74659407139
2017-12-07,57892.995360075496
2017-12-08,54466.932534253225
2017-12-11,55684.81485554296
2017-12-12,57528.29043620266
2017-12-13,54197.92462959327
2017-12-14,54803.64955329895
2017-12-15,59148.12972035678
2017-12-18,62923.94488539081
2017-12-19,58494.22745694873
2017-12-20,54669.99698865926
2017-12-21,52094.26062528742
2017-12-22,45738.99405342806
2017-12-25,46820.79032545584
2017-12-26,53700.88227924309
2017-12-27,52420.683643341064
2017-12-28,48395.714906573296
2017-12-29,48528.14455615357
2018-01-01,45172.5556577649
2018-01-02,49605.733435477596
2018-01-03,49521.81935405731
2018-01-04,50471.213749342365
2018-01-05,56351.31535959244
2018-01-08,48947.842363748234
2018-01-09,47274.503062290605
2018-01-10,48615.30899477517
2018-01-11,43252.471129544545
2018-01-12,44936.44354177825
2018-01-15,44233.033851668006
2018-01-16,36921.27566075325
2018-01-17,36057.50129278377
2018-01-18,36974.42308441457
2018-01-19,37202.8796827402
2018-01-22,34922.544857119676
2018-01-23,34786.48961535143
2018-01-24,36753.341068850365
2018-01-25,35411.941482861526
2018-01-26,35155.27920314809
2018-01-29,35594.95788941347
2018-01-30,31871.226836602902
2018-01-31,32497.987260748632
2018-02-01,29205.418974347413
2018-02-02,27937.84469127655
2018-02-05,22363.97508548631
2018-02-06,25286.569817066193
2018-02-07,24642.71159961191
2018-02-08,27027.652920600958
2018-02-09,28697.48621763382
2018-02-12,29375.55842886865
2018-02-13,28322.830953810597
2018-02-14,31277.209223917685
2018-02-15,32697.178088145796
2018-02-16,33018.65518186893
2018-02-19,36237.51236702408
2018-02-20,36869.302388037555
2018-02-21,34789.771247254685
2018-02-22,32692.33859539032
2018-02-23,33465.18130679848
2018-02-26,33559.082097676815
2018-02-27,34563.245661796536
2018-02-28,33777.580549393315
2018-03-01,35533.805794239044
2018-03-02,36030.80126953125
2018-03-05,37608.594277126256
2018-03-06,34937.65648750169
2018-03-07,31969.54901127331
2018-03-08,30467.076179785654
2018-03-09,30497.37076168321
2018-03-12,29972.791055249745
2018-03-13,29977.967455381062
2018-03-14,26948.82756977575
2018-03-15,27048.354278863408
2018-03-16,27367.29693802772
2018-03-19,28309.39727143431
2018-03-20,29272.72642543586
2018-03-21,29544.310396910183
2018-03-22,28565.663496765075
2018-03-23,29427.949270869838
2018-03-26,27210.058361977804
2018-03-27,25929.713316812413
2018-03-28,26431.94197922421
2018-03-29,23785.10820180667
2018-03-30,22762.832450814894
2018-04-02,23390.707279348746
2018-04-03,24675.250590218926
2018-04-04,22887.713137638755
2018-04-05,22666.52875056432
2018-04-06,22175.92593474989
2018-04-09,22800.433661223506
2018-04-10,23381.713184275664
2018-04-11,23743.156105162114
2018-04-12,26611.229509055618
2018-04-13,26933.11953218025
2018-04-16,27595.303053802345
2018-04-17,26994.329314185306
2018-04-18,27802.976420070514
2018-04-19,28010.71277396567
2018-04-20,29922.789108324796
2018-04-23,30487.345582623035
2018-04-24,33445.70759832859
2018-04-25,30707.98651501257
2018-04-26,32308.007799903397
2018-04-27,31222.808524009073
2018-04-30,31954.746023362735
2018-05-01,31969.42451633653
2018-05-02,32382.058277893342
2018-05-03,34586.80559252692
2018-05-04,34210.69826448709
2018-05-07,33044.54648291646
2018-05-08,32776.224788591266
2018-05-09,33215.3566004578
2018-05-10,32470.46007680474
2018-05-11,29963.069490308873
2018-05-14,31405.723077802457
2018-05-15,30821.191040156176
2018-05-16,30535.35029647732
2018-05-17,29741.76950007875
2018-05-18,30488.158806317722
2018-05-21,31473.552944454364
2018-05-22,29559.169548295322
2018-05-23,27555.81038716249
2018-05-24,27508.660092922863
2018-05-25,27288.29847945366
2018-05-28,25876.527507507708
2018-05-29,27904.145000232387
2018-05-30,27582.622041043825
2018-05-31,27894.050012009684
2018-06-01,28069.276749518463
2018-06-04,28266.431292017227
2018-06-05,28584.61284541292
2018-06-06,29118.036574013648
2018-06-07,29510.54852851294
2018-06-08,29742.525843157433
2018-06-11,25589.447800354566
2018-06-12,24412.656770664616
2018-06-13,23589.877592190755
2018-06-14,24824.29239643109
2018-06-15,24560.829976810142
2018-06-18,25112.122157031088
2018-06-19,25361.54958181712
2018-06-20,25378.178243040107
2018-06-21,25365.06358621502
2018-06-22,22905.70101231313
2018-06-25,23661.270549131208
2018-06-26,23004.21327790385
2018-06-27,23371.23342832527
2018-06-28,22787.86870023294
2018-06-29,23999.527669214644
2018-07-02,25633.917347789396
2018-07-03,25547.67348668538
2018-07-04,25706.033814907307
2018-07-05,25965.67716334911
2018-07-06,26235.53004848957
2018-07-09,26062.93159246445
2018-07-10,24505.136077623116
2018-07-11,24396.457681685457
2018-07-12,24143.491062548248
2018-07-13,24208.00057190191
2018-07-16,25951.692743182182
2018-07-17,28229.92999963928
2018-07-18,28273.574681180413
2018-07-19,28741.437062648474
2018-07-20,28155.286494804783
2018-07-23,29077.05394904432
2018-07-24,31847.108854084276
2018-07-25,30648.305172954453
2018-07-26,29312.704296474345
2018-07-27,30572.245155936107
2018-07-30,30358.58008559863
2018-07-31,29006.25862340501
2018-08-01,28616.28797638323
2018-08-02,28354.110525316908
2018-08-03,27867.067787120934
2018-08-06,25737.64891545195
2018-08-07,25219.52661393676
2018-08-08,23649.901938960655
2018-08-09,24762.884616072984
2018-08-10,23499.423262153523
2018-08-13,24342.626876599275
2018-08-14,24067.273879159242
2018-08-15,24378.644195540346
2018-08-16,24709.247486334527
2018-08-17,25690.120394526748
2018-08-20,24665.09008610272
2018-08-21,25734.421750274487
2018-08-22,25816.110666058958
2018-08-23,26380.65688311169
2018-08-24,27634.490803909488
2018-08-27,28246.300812318223
2018-08-28,28935.07987651904
2018-08-29,29132.25653663464
2018-08-30,28649.124728764873
2018-08-31,29196.105426219292
2018-09-03,29430.10524350102
2018-09-04,30586.22516225092
2018-09-05,28215.37744557485
2018-09-06,27051.002498576418
2018-09-07,26238.842984946677
2018-09-10,25596.04087230703
2018-09-11,25819.574139333796
2018-09-12,26370.131332542747
2018-09-13,27110.706724827876
2018-09-14,27385.94488886185
2018-09-17,26205.16678354796
2018-09-18,26326.848593755625
2018-09-19,26607.689274328295
2018-09-20,26928.192971793003
2018-09-21,27451.65843483433
2018-09-24,26711.412390787154
2018-09-25,26374.443658845965
2018-09-26,26458.030800819397
2018-09-27,26912.643003463745
2018-09-28,26656.24964744132
2018-10-01,26705.753730464727
2018-10-02,26331.919516877504
2018-10-03,25616.95329718571
2018-10-04,25651.720943190507
2018-10-05,25654.824776976136
2018-10-08,25516.623309922514
2018-10-09,25090.58021545352
2018-10-10,24463.925262098197
2018-10-11,23490.931340369865
2018-10-12,23727.32519972371
2018-10-15,24945.47580165323
2018-10-16,24629.215081489645
2018-10-17,24368.839618357597
2018-10-18,23874.44763292861
2018-10-19,24053.265140396543
2018-10-22,24073.203066791408
2018-10-23,23845.61885297019
2018-10-24,23985.23890029639
2018-10-25,24163.68629837595
2018-10-26,23988.301445424557
2018-10-29,23060.904307267854
2018-10-30,23536.880835783082
2018-10-31,23341.042066032536
2018-11-01,23729.805409637167
2018-11-02,23604.64696857961
2018-11-05,23752.74288423825
2018-11-06,24064.67746844748
2018-11-07,24552.674507865213
2018-11-08,24074.95844091847
2018-11-09,24004.82375838328
2018-11-12,23761.013898015608
2018-11-13,23952.384647071827
2018-11-14,21813.763752580508
2018-11-15,21363.107253945782
2018-11-16,21088.958983590128
2018-11-19,18231.552527355496
2018-11-20,16714.101234200643
2018-11-21,17284.37008821778
2018-11-22,16573.54418021452
2018-11-23,16532.493995316094
2018-11-26,13880.74442718434
2018-11-27,15052.490041534824
2018-11-28,16491.116530244704
2018-11-29,16470.136683523888
2018-11-30,15470.501487607835
2018-12-03,15051.594764031472
2018-12-04,15197.63788819959
2018-12-05,14457.009535299847
2018-12-06,13617.508883883887
2018-12-07,13261.832649024203
2018-12-10,13680.67419245647
2018-12-11,13413.083958136267
2018-12-12,13608.1720064783
2018-12-13,12771.243437511963
2018-12-14,12615.53618782328
2018-12-17,13883.833149565267
2018-12-18,14405.759639846045
2018-12-19,14650.038962872699
2018-12-20,16108.610365725122
2018-12-21,14958.44196224946
2018-12-24,15675.687868235167
2018-12-25,14890.334284908022
2018-12-26,15054.261423020505
2018-12-27,14329.13997613499
2018-12-28,15191.451311461162
2018-12-31,14499.97043800965
2019-01-01,14912.85811563721
2019-01-02,15300.034139270429
2019-01-03,14527.053031823365
2019-01-04,14486.115139882371
2019-01-07,14737.239230398669
2019-01-08,15051.58956155082
2019-01-09,14980.634142884286
2019-01-10,13538.44262840721
2019-01-11,13672.382632208755
2019-01-14,13562.668871905771
2019-01-15,13424.421861127135
2019-01-16,13583.46706905798
2019-01-17,13736.861039245385
2019-01-18,13712.87372808787
2019-01-21,13410.837090311747
2019-01-22,13522.210692647846
2019-01-23,13666.489184611011
2019-01-24,13547.53624201694
2019-01-25,13570.397185357697
2019-01-28,13082.20968001522
2019-01-29,12963.540198498815
2019-01-30,12963.366078247782
2019-01-31,12729.518346104833
2019-02-01,12705.88750769757
2019-02-04,12651.164101230679
2019-02-05,12711.132857750636
2019-02-06,12522.724206806452
2019-02-07,12560.028024018975
2019-02-08,13621.722099338658
2019-02-11,13603.538665879983
2019-02-12,13719.730133531266
2019-02-13,13467.717423122318
2019-02-14,13574.877437327988
2019-02-15,13476.657342885095
2019-02-18,14279.827272845898
2019-02-19,14729.372257210549
2019-02-20,14887.331646444216
2019-02-21,14725.135952466166
2019-02-22,15086.815966287513
2019-02-25,14545.745038101682
2019-02-26,14455.384162085831
2019-02-27,14430.260017137627
2019-02-28,14367.941347895481
2019-03-01,14463.789845681167
2019-03-04,13998.258784172009
2019-03-05,14705.309141665697
2019-03-06,14735.04103479028
2019-03-07,15007.583634965122
2019-03-08,15094.648033595877
2019-03-11,14892.193884143433
2019-03-12,15000.605521194635
2019-03-13,14890.843486368309
2019-03-14,14964.79642926855
2019-03-15,15211.87966641155
2019-03-18,15375.950281109544
2019-03-19,15429.810647919076
2019-03-20,15482.133796892304
2019-03-21,15207.485451564775
2019-03-22,15254.86323501938
2019-03-25,15479.75319361355
2019-03-26,15356.907511855825
2019-03-27,15837.381378173828
2019-03-28,16228.413039792154
2019-03-29,15974.234626683057
2019-04-01,16310.472794990405
2019-04-02,18780.21027755574
2019-04-03,19157.57219051395
2019-04-04,19042.862515290268
2019-04-05,19420.9391031753
2019-04-08,20492.57322226581
2019-04-09,20029.721715528864
2019-04-10,20488.875428112693
2019-04-11,19366.60072140838
2019-04-12,19624.244276465848
2019-04-15,19661.900946544953
2019-04-16,20263.70950928936
2019-04-17,20502.51557474909
2019-04-18,20858.15571113466
2019-04-19,20826.48115476966
2019-04-22,21243.802401365247
2019-04-23,21922.23005608865
2019-04-24,21412.986714326194
2019-04-25,20787.872841339555
2019-04-26,20867.67888122995
2019-04-29,20617.89725018921
2019-04-30,21104.87043959834
2019-05-01,21161.824484862856
2019-05-02,21576.85880854912
2019-05-03,22878.19066983566
2019-05-06,22622.880770465945
2019-05-07,23132.627528219367
2019-05-08,23742.578751545167
2019-05-09,24243.052762672305
2019-05-10,25167.111319929936
2019-05-13,30944.71992086107
2019-05-14,31901.716896877624
2019-05-15,32616.363524360582
2019-05-16,31538.8490369448
2019-05-17,29714.868524532765
2019-05-20,32690.325136195635
2019-05-21,32609.031384591945
2019-05-23,31817.437948944513
2019-05-24,32258.598437117413
2019-05-27,35409.79736715369
2019-05-28,35246.95764035825
2019-05-29,34842.313997827005
2019-05-30,33056.593617126346
2019-05-31,34126.517936983146
2019-06-03,32213.739114852622
2019-06-04,29937.753020138483
2019-06-05,30151.45849464694
2019-06-06,30344.75783980824
2019-06-07,31197.660927691966
2019-06-10,31013.276785242488
2019-06-11,30795.20662551117
2019-06-12,31403.09426655015
2019-06-13,31819.92875369266
2019-06-14,33455.608900330255
2019-06-17,36298.11312337336
2019-06-18,35300.812358851545
2019-06-19,35791.155532183126
2019-06-20,36540.4710590858
2019-06-21,38931.76390521229
2019-06-24,42067.91611637967
2019-06-25,45107.330970319694
2019-06-26,50053.917923643254
2019-06-27,42974.40806158213
2019-06-28,47346.37884192914
2019-07-01,40739.776654515874
2019-07-02,41474.1227601422
2019-07-03,45977.92353595141
2019-07-04,42899.048972293735
2019-07-05,41726.93155344413
2019-07-08,46921.301037209574
2019-07-09,47769.17009025812
2019-07-10,46182.59203091938
2019-07-11,42598.38972018566
2019-07-12,44366.666424928706
2019-07-15,40686.62388239708
2019-07-16,35576.223449710524
2019-07-17,36518.49359437544
2019-07-18,40125.17411577841
2019-07-19,39146.945484406315
2019-07-22,38744.241561522475
2019-07-23,37026.8903545076
2019-07-24,37014.50785899162
2019-07-25,37380.529736111406
2019-07-26,37262.369485147305
2019-07-29,35920.495246916544
2019-07-30,36317.02384254383
2019-07-31,38217.469560007565
2019-08-01,39640.419217750656
2019-08-02,40361.392832042875
2019-08-05,45851.97607059334
2019-08-06,45603.91242799931
2019-08-07,47274.67099363357
2019-08-08,47475.52491623955
2019-08-09,46474.23913316685
2019-08-12,44849.785423419205
2019-08-13,43407.89821302518
2019-08-14,39828.87192558264
2019-08-15,41764.85560330795
2019-08-16,41394.64854833576
2019-08-19,43714.42921550246
2019-08-20,43840.80073144287
2019-08-21,41076.33756159479
2019-08-22,40767.369692651555
2019-08-23,42339.59931683913
2019-08-26,42792.08083854988
2019-08-27,42285.10554242134
2019-08-28,40215.533297044225
2019-08-29,39635.659583611414
2019-08-30,40006.14718332421
2019-09-02,42875.94098700397
2019-09-03,44453.14180670073
2019-09-04,44127.12451225519
2019-09-05,43287.77469359245
2019-09-06,42510.66047441773
2019-09-09,41973.43032308016
2019-09-10,41408.734478912316
2019-09-11,41522.670879865065
2019-09-12,42308.837176603265
2019-09-13,42052.422462031245
2019-09-16,41985.83923299704
2019-09-17,41777.221999809146
2019-09-18,41568.06121764332
2019-09-19,42167.24448478222
2019-09-20,42422.83021192718
2019-09-23,40360.15731936693
2019-09-24,35874.48690230027
2019-09-25,35320.3175148354
2019-09-26,33670.171024034265
2019-09-27,34403.59463959001
2019-09-30,34478.44100901438
2019-10-01,34664.64413479203
2019-10-02,34869.73346457817
2019-10-03,34067.512925066054
2019-10-04,33504.03058132343
2019-10-07,33432.7012430951
2019-10-08,33779.9792015953
2019-10-09,35164.313246068545
2019-10-10,35275.811420646496
2019-10-11,34189.10468638921
2019-10-14,34407.39961348986
2019-10-15,33836.481889592484
2019-10-16,33627.39438593038
2019-10-17,33619.88654789748
2019-10-18,33177.31309780176
2019-10-21,33890.76180529781
2019-10-22,33320.68115685135
2019-10-23,30647.838789783418
2019-10-24,30221.990516865626
2019-10-25,34983.16599497665
2019-10-28,37051.437724493444
2019-10-29,37605.160360336304
2019-10-30,36792.52779833041
2019-10-31,36671.38643810177
2019-11-01,37192.59373289626
2019-11-04,37550.67468093243
2019-11-05,37471.00759401731
2019-11-06,37368.63345632842
2019-11-07,37832.96813235246
2019-11-08,36095.6106616417
2019-11-11,36199.440953694284
2019-11-12,36596.457704373635
2019-11-13,36711.958840452135
2019-11-14,36300.56439467333
2019-11-15,35617.964315693825
2019-11-18,34855.792639449704
2019-11-19,34600.39312121272
2019-11-20,33647.89940697141
2019-11-21,32061.33756196499
2019-11-22,30585.064346229658
2019-11-25,29978.032471832354
2019-11-26,30500.505010258406
2019-11-27,31872.49451098405
2019-11-28,31812.982366590295
2019-11-29,32504.089985175757
2019-12-02,31016.67599945143
2019-12-03,30907.850762989838
2019-12-04,30487.55371647631
2019-12-05,31328.326572048012
2019-12-06,31581.160964387935
2019-12-09,30483.563280961942
2019-12-10,30139.420684409328
2019-12-11,29913.348347436637
2019-12-12,29868.513847331982
2019-12-13,29713.002619361505
2019-12-16,28324.72988396883
2019-12-17,26973.10935590649
2019-12-18,29618.04224517569
2019-12-19,29241.118944541086
2019-12-20,29371.919995479286
2019-12-23,30010.226822362747
2019-12-24,29890.574928699993
2019-12-25,29703.005300086923
2019-12-26,29556.702757135034
2019-12-27,29559.120604657102
2019-12-30,29334.612557244487
2019-12-31,28887.413902207278
2020-01-01,28921.56010077498
2020-01-02,28055.74543086253
2020-01-03,29551.4061518393
2020-01-06,31519.723694470245
2020-01-07,33147.85662591271
2020-01-08,32854.33630724461
2020-01-09,32011.09028617898
2020-01-10,33418.35760997329
2020-01-13,33150.942205607425
2020-01-14,36598.14768301463
2020-01-15,36384.403237307444
2020-01-16,36414.828581420705
2020-01-17,37355.52327990299
2020-01-20,36029.64633070305
2020-01-21,36632.178610244766
2020-01-22,36554.29917278187
2020-01-23,35150.16515533626
2020-01-24,35209.859643364325
2020-01-27,37060.39461545646
2020-01-28,39363.16462041624
2020-01-29,39068.35487629892
2020-01-30,40212.580770726316
2020-01-31,39666.81442726217
2020-02-03,39800.43442121614
2020-02-04,38989.712706585415
2020-02-05,40892.61881803628
2020-02-06,41192.09008032968
2020-02-07,41934.473017439246
2020-02-10,42584.50592827052
2020-02-11,44109.532199983485
2020-02-12,44686.32033150643
2020-02-13,44478.515329398215
2020-02-14,44824.3659168561
2020-02-17,41638.54199283384
2020-02-18,43879.34548059106
2020-02-19,41951.474643621594
2020-02-20,41931.3859542408
2020-02-21,42545.75783761032
2020-02-24,42362.3380496921
2020-02-25,40978.3236596277
2020-02-26,38693.866276177585
2020-02-27,39083.09303520154
2020-02-28,38894.22533677798
2020-03-02,39392.86427288409
2020-03-03,39302.496356414165
2020-03-04,39514.17497366294
2020-03-05,41611.59887358453
2020-03-06,42020.272907928564
2020-03-09,36367.94272647053
2020-03-10,37356.86073673749
2020-03-11,36725.64889027295
2020-03-12,23928.378982697614
2020-03-13,26651.27071999386
2020-03-16,24333.266042917967
2020-03-17,26122.921722011408
2020-03-18,26243.00430082809
2020-03-19,31599.612805617973
2020-03-20,31577.817351691425
2020-03-23,32373.515764097683
2020-03-24,34628.33883264754
2020-03-25,34060.72845918755
2020-03-26,33808.546119178645
2020-03-27,32495.210267121904
2020-03-30,32821.95715741906
2020-03-31,33433.94887285866
2020-04-01,34378.35946570616
2020-04-02,35654.299752935534
2020-04-03,35385.97009220417
2020-04-06,38893.120378986
2020-04-07,37929.50223196973
2020-04-08,38296.464235420804
2020-04-09,37412.25386566529
2020-04-10,35053.83603942348
2020-04-13,34947.340969315264
2020-04-14,35570.36164732184
2020-04-15,34286.57230512682
2020-04-16,37270.70350986323
2020-04-17,37119.43052618578
2020-04-20,36011.22333517228
2020-04-21,36571.671011905186
2020-04-22,37827.958373558475
2020-04-23,40543.26511084195
2020-04-24,41779.89062090404
2020-04-27,43441.76567189838
2020-04-28,44130.177935821936
2020-04-29,48382.82507482404
2020-04-30,46191.65031568799
2020-05-01,48632.11011723429
2020-05-04,48814.60969192722
2020-05-05,49882.40977987647
2020-05-06,51702.081638522446
2020-05-07,56874.91831987398
2020-05-08,57370.13578503393
2020-05-11,47112.03817016353
2020-05-12,51216.526715669315
2020-05-13,54552.02089456841
2020-05-14,57296.581463774666
2020-05-15,54191.229956424795
2020-05-18,56951.04127292149
2020-05-19,55640.3674773965
2020-05-20,54806.66194947297
2020-05-21,51679.763085829094
2020-05-22,50985.34238882968
2020-05-25,49243.768044432625
2020-05-26,48092.72522520181
2020-05-27,49063.356676679105
2020-05-28,50226.42558252299
2020-05-29,51005.25261106575
2020-06-01,54240.34191190172
2020-06-02,51141.690669559874
2020-06-03,50208.17090703082
2020-06-04,49606.90485692583
2020-06-05,49460.46551888622
2020-06-08,48461.69937128434
2020-06-09,47230.94767309539
2020-06-10,48347.67032934027
2020-06-11,46349.75995604694
2020-06-12,47167.19675208628
2020-06-15,47705.25491054915
2020-06-16,49151.41251000855
2020-06-17,49710.66347644944
2020-06-18,49204.16289019631
2020-06-19,49943.53454857413
2020-06-22,51234.690824849065
2020-06-23,50574.00380513166
2020-06-24,47974.40713407006
2020-06-25,49535.25224978896
2020-06-26,49108.65822434798
2020-06-29,50374.152647238225
2020-06-30,49364.35365938814
2020-07-01,50402.343374246266
2020-07-02,48501.87106104009
2020-07-03,48697.95249438472
2020-07-06,49796.89524654206
2020-07-07,49539.46878634952
2020-07-08,50703.68913432211
2020-07-09,49568.46940886043
2020-07-10,49528.41953971516
2020-07-13,49239.80883930763
2020-07-14,49927.22178395698
2020-07-15,49336.115600389894
2020-07-16,49012.19149292726
2020-07-17,48783.32769008726
2020-07-20,49352.137063717935
2020-07-21,49946.59046891378
2020-07-22,49244.221230983734
2020-07-23,49036.887556226924
2020-07-24,49692.93150713667
2020-07-27,57472.37674825452
2020-07-28,56107.42726117978
2020-07-29,57192.9387879204
2020-07-30,57431.64087189222
2020-07-31,58360.01718312502
2020-08-03,58719.43536151666
2020-08-04,59600.77902569808
2020-08-05,62144.10096530523
2020-08-06,62325.60599461943
2020-08-07,61850.92864081636
2020-08-10,64583.66773794871
2020-08-11,62535.38692792691
2020-08-12,62331.58405685844
2020-08-13,64046.78769972967
2020-08-14,63163.53237231262
2020-08-17,66428.66678672656
2020-08-18,66051.30886103306
2020-08-19,64263.723592995666
2020-08-20,66000.98445992684
2020-08-21,64406.71219071514
2020-08-24,66156.74214194901
2020-08-25,63770.83565531392
2020-08-26,63271.01234710775
2020-08-27,63492.55589303049
2020-08-28,64276.71786546707
2020-08-31,62959.619924817234
2020-09-01,65728.70095634833
2020-09-02,61604.96401331294
2020-09-03,54696.564558409154
2020-09-04,55606.44028113596
2020-09-07,54969.05721551692
2020-09-08,53679.81227665208
2020-09-09,54905.12879139371
2020-09-10,55012.71970256884
2020-09-11,55338.06739407079
2020-09-14,56781.468039128
2020-09-15,56881.57846835815
2020-09-16,57884.94396383269
2020-09-17,57328.91353546083
2020-09-18,57325.55355109647
2020-09-21,56389.488435080275
2020-09-22,57040.46881070128
2020-09-23,56045.61700911261
2020-09-24,60174.59616661258
2020-09-25,58899.760812327266
2020-09-28,59557.447714194655
2020-09-29,61382.83615633845
2020-09-30,60722.07603532169
2020-10-01,59558.134027651045
2020-10-02,59669.650843989104
2020-10-05,61323.44066911377
2020-10-06,59102.59801219404
2020-10-07,59680.07811819017
2020-10-08,61251.18621757161
2020-10-09,61945.47361488221
2020-10-12,63889.60133394041
2020-10-13,63181.79373216862
2020-10-14,63645.20929551916
2020-10-15,64264.750587970026
2020-10-16,63530.695208025165
2020-10-19,66281.45326086506
2020-10-20,66798.20582967484
2020-10-21,71866.51897543203
2020-10-22,72710.1270122719
2020-10-23,72304.11449827999
2020-10-26,73433.2076918101
2020-10-27,76773.57869289815
2020-10-28,75715.33866548538
2020-10-29,77199.29601446167
2020-10-30,78269.09860133892
2020-11-02,77798.7758406382
2020-11-03,80090.06950565241
2020-11-04,81338.07029221207
2020-11-05,88228.68447172455
2020-11-06,85976.58369036298
2020-11-09,82222.60773253022
2020-11-10,82336.91912053898
2020-11-11,85005.4821868483
2020-11-12,87729.49063937366
2020-11-13,89041.38367606513
2020-11-16,91219.81581909768
2020-11-17,95548.10723370314
2020-11-18,94845.4988730587
2020-11-19,95529.8916483298
2020-11-20,98776.76443453785
2020-11-23,98764.07815515065
2020-11-24,103956.07166907752
2020-11-25,100640.1952603031
2020-11-26,91285.90430581849
2020-11-27,91278.4584894497
2020-11-30,104851.032613758
2020-12-01,100240.66264382098
2020-12-02,99939.7586210575
2020-12-03,101433.03207723051
2020-12-04,96322.49316237867
2020-12-07,98921.3396416977
2020-12-08,93406.69080024585
2020-12-09,94990.48299001995
2020-12-10,94424.53277331965
2020-12-11,90731.5462932447
2020-12-14,97468.85578143783
2020-12-15,99370.7726654457
2020-12-16,108234.05612538755
2020-12-17,115923.19952980522
2020-12-18,117006.35522973539
2020-12-21,116309.39486760087
2020-12-22,121743.85169055406
2020-12-23,119847.59768605325
2020-12-24,123790.09793443792
2020-12-25,128634.28663492296
2020-12-28,141255.4045113679
2020-12-29,143540.6150981784
2020-12-30,150220.98972310126
2020-12-31,150543.25749223866
2021-01-01,152513.53779585846
2021-01-04,165994.9734740518
2021-01-05,180000.11315762624
2021-01-06,194583.62006537057
2021-01-07,209174.4168019537
2021-01-08,220666.11469218135
2021-01-11,192493.43204607072
2021-01-12,186159.0322449766
2021-01-13,198575.28095614165
2021-01-14,207594.87597426027
2021-01-15,191337.23648322374
2021-01-18,193820.70511829108
2021-01-19,190982.39481449127
2021-01-20,190418.6304180622
2021-01-21,163083.36677319743
2021-01-22,176564.32823208164
2021-01-25,176898.51468476656
2021-01-26,178010.50906422737
2021-01-27,162929.763979882
2021-01-28,181138.60152744688
2021-01-29,186612.14155806229
2021-02-01,183139.81523770094
2021-02-02,192838.62583759427
2021-02-03,201108.95775309767
2021-02-04,197628.31613967943
2021-02-05,206959.58229615167
2021-02-08,248038.0696478393
2021-02-09,249338.58356918395
2021-02-10,241511.59433580004
2021-02-11,257986.9665144123
2021-02-12,254882.52285360917
2021-02-15,257397.83637216315
2021-02-16,264104.9095327109
2021-02-17,280008.8838216067
2021-02-18,279577.36785494536
2021-02-19,303237.82244357094
2021-02-22,291673.33444357663
2021-02-23,266747.3623002693
2021-02-24,270377.1236621216
2021-02-25,254446.39003605023
2021-02-26,256167.36824011616
2021-03-01,277815.8404357061
2021-03-02,272891.3525911141
2021-03-03,286809.57064243034
2021-03-04,272792.35272837617
2021-03-05,277334.6485885419
2021-03-08,297256.5875240788
2021-03-09,322069.75519069657
2021-03-10,324933.5985975396
2021-03-11,327818.6303053964
2021-03-12,317321.6538853105
2021-03-15,307218.77068096964
2021-03-16,318931.12680930644
2021-03-17,331054.6007484663
2021-03-18,323032.1375827417
2021-03-19,324331.541324364
2021-03-22,299559.3003721107
2021-03-23,301365.25464784354
2021-03-24,291335.0584525913
2021-03-25,290556.68906508945
2021-03-26,311437.5865441859
2021-03-29,332202.24144776724
2021-03-30,340591.3825699389
2021-03-31,340055.91737620905
2021-04-01,332786.2253108695
2021-04-02,338930.0159652531
2021-04-05,337255.9173344299
2021-04-06,329525.8836885765
2021-04-07,313492.9288134873
2021-04-08,327319.8645859286
2021-04-09,324226.6297681742
2021-04-12,340152.8782342002
2021-04-13,364014.5256483462
2021-04-14,360753.951988928
2021-04-15,357907.79070838727
2021-04-16,345731.1964930445
2021-04-19,311264.6124513149
2021-04-20,313159.90057839453
2021-04-21,300143.7273881342
2021-04-22,288207.17163213715
2021-04-23,278112.974128779
2021-04-26,295887.9521851409
2021-04-27,299121.4948793873
2021-04-28,298849.4684461951
2021-04-29,286059.2690606117
2021-04-30,308178.0398895778
2021-05-03,311152.4409064092
2021-05-04,290033.1113701538
2021-05-05,312535.8919084333
2021-05-06,301873.6423522383
2021-05-07,302465.02008932456
2021-05-10,292453.95865479857
2021-05-11,296122.62276958115
2021-05-12,256624.77363282815
2021-05-13,263649.94007053785
2021-05-14,264750.92428832874
2021-05-17,229420.90836917236
2021-05-18,226196.91920198314
2021-05-19,194614.34156424366
2021-05-20,216474.7783750724
2021-05-21,197017.26925687678
2021-05-24,207533.73357804492
2021-05-25,204242.22280868702
2021-05-26,209465.58465756476
2021-05-27,204119.52811864018
2021-05-28,186991.2036662437
2021-05-31,195549.49381221458
2021-06-01,191370.5816753637
2021-06-02,193500.90902891755
2021-06-03,198964.88445459306
2021-06-04,187287.07976688445
2021-06-07,169300.343022706
2021-06-08,168876.12274977192
2021-06-09,188028.95723246224
2021-06-10,185770.20069728605
2021-06-11,188706.7207476683
2021-06-14,205797.94871268794
2021-06-15,204399.15298533626
2021-06-16,193414.9091272056
2021-06-17,192333.81837717257
2021-06-18,179201.05737310834
2021-06-21,161424.43552206177
2021-06-22,162954.12971566804
2021-06-23,167168.41596409678
2021-06-24,172105.93285027146
2021-06-25,155426.92392756883
2021-06-28,169258.5358392261
2021-06-29,176641.6269618161
2021-06-30,173630.84823916107
2021-07-01,166826.56923609972
2021-07-02,171014.06303201616
2021-07-05,170727.77655170672
2021-07-06,174204.38821449876
2021-07-07,175888.58966897428
2021-07-08,171988.11083948985
2021-07-09,177709.94213609956
2021-07-12,174330.139284119
2021-07-13,169157.7643928174
2021-07-14,169442.07995306142
2021-07-15,161125.12654311396
2021-07-16,160564.06880460307
2021-07-19,157645.53296457045
2021-07-20,156515.3955998551
2021-07-21,167614.6124803461
2021-07-22,167617.77862968855
2021-07-23,174610.63882094622
2021-07-26,194076.76720893756
2021-07-27,203946.67589515448
2021-07-28,206742.83130723238
2021-07-29,204635.0752600059
2021-07-30,214573.47192484885
2021-08-02,204191.17960767448
2021-08-03,197426.41747826524
2021-08-04,206559.83751878142
2021-08-05,211222.0331907384
2021-08-06,224581.1125292778
2021-08-09,242583.77922579087
2021-08-10,238491.77011072636
2021-08-11,236553.4714405127
2021-08-12,231835.70717177913
2021-08-13,251020.0829982385
2021-08-16,241408.5291254148
2021-08-17,235084.1737253219
2021-08-18,237190.93053603172
2021-08-19,251275.171334669
2021-08-20,267127.23999161087
2021-08-23,266508.7417064868
2021-08-24,256654.13883791864
2021-08-25,256838.50816056132
2021-08-26,244615.90029461682
2021-08-27,257636.49033691178
2021-08-30,244817.66315682232
2021-08-31,244460.22237667444
2021-09-01,251528.0027086567
2021-09-02,255744.5047868751
2021-09-03,259221.4826027155
2021-09-06,273157.5094700139
2021-09-07,241980.77236934006
2021-09-08,238274.05343214422
2021-09-09,246830.20075006038
2021-09-10,233239.23125090078
2021-09-13,235921.26020245068
2021-09-14,245502.58461925015
2021-09-15,252391.07663119212
2021-09-16,249510.37679884583
2021-09-17,248475.9049301315
2021-09-20,226630.8543327544
2021-09-21,216620.58410860598
2021-09-22,229589.72062285244
2021-09-23,237391.81578922085
2021-09-24,227132.06666827202
2021-09-27,225412.08900045604
2021-09-28,221192.59766374528
2021-09-29,225594.7342765592
2021-09-30,237097.03872369602
2021-10-01,261837.9591693431
2021-10-04,263633.1433201321
2021-10-05,280920.56848981977
2021-10-06,303131.62111050636
2021-10-07,295497.0838238821
2021-10-08,297740.6262248233
2021-10-11,316562.9753273651
2021-10-12,310243.2877619993
2021-10-13,317514.1638027057
2021-10-14,315984.8870160058
2021-10-15,339518.1594117936
2021-10-18,338563.13073550165
2021-10-19,354167.1231321618
2021-10-20,368457.80839177594
2021-10-21,348146.792647928
2021-10-22,343384.7124459967
2021-10-25,356124.5726198796
2021-10-26,335284.64968530653
2021-10-27,325442.77307469584
2021-10-28,335543.5174880773
2021-10-29,351270.629108822
2021-11-01,343680.5170211941
2021-11-02,359056.4014126435
2021-11-03,357581.6977591887
2021-11-04,341207.3713466842
2021-11-05,342407.68757754564
2021-11-08,374394.55302456766
2021-11-09,371231.53245770186
2021-11-10,356115.38203838095
2021-11-11,356568.79783505574
2021-11-12,346313.75653733686
2021-11-15,346873.44470034353
2021-11-16,328257.7939341031
2021-11-17,332156.88172439113
2021-11-18,314815.9841522351
2021-11-19,322935.61356212944
2021-11-22,315872.9701227024
2021-11-23,321557.8151585832
2021-11-24,313504.49716870487
2021-11-25,321036.0239222795
2021-11-26,298121.1130199209
2021-11-29,324167.66348989494
2021-11-30,319270.2825626191
2021-12-01,321681.485079892
2021-12-02,321447.2729340214
2021-12-03,302472.1608581096
2021-12-06,285796.82884669304
2021-12-07,288382.0990629904
2021-12-08,283422.82889027894
2021-12-09,263703.1049694456
2021-12-10,263197.1858460158
2021-12-13,262134.6921118442
2021-12-14,264745.7658197656
2021-12-15,277762.7308536358
2021-12-16,270711.01761830045
2021-12-17,262770.0705326311
2021-12-20,266892.22804347426
2021-12-21,280959.78302129917
2021-12-22,279322.16927196644
2021-12-23,287084.993121028
2021-12-24,288253.116208829
2021-12-27,287186.88141288795
2021-12-28,267644.49195372127
2021-12-29,261367.61345836893
2021-12-30,269042.6999524236
2021-12-31,257936.16012521088
2022-01-03,258739.20016918704
2022-01-04,260753.29991217703
2022-01-05,247306.37618323788
2022-01-06,246260.5141133666
2022-01-07,236148.6336948555
2022-01-10,235545.70039305277
2022-01-11,241978.95972659066
2022-01-12,244677.82622162253
2022-01-13,235667.66778707877
2022-01-14,238199.1085272096
2022-01-17,233784.9693821948
2022-01-18,233735.51543485746
2022-01-19,232336.40930654854
2022-01-20,221187.57140402682
2022-01-21,197529.3816537913
2022-01-24,200026.3308788538
2022-01-25,202733.36810404435
2022-01-26,200501.47781068273
2022-01-27,201629.66884997487
2022-01-28,204167.0646145586
2022-01-31,206369.60034102201
2022-02-01,205459.45759331062
2022-02-02,194538.9914578721
2022-02-03,195466.64412551746
2022-02-04,219244.96658492088
2022-02-07,233532.8152329605
2022-02-08,232177.72787806392
2022-02-09,233151.12786376476
2022-02-10,228041.5824793242
2022-02-11,222586.5475742221
2022-02-14,223579.45108964294
2022-02-15,232415.11912616342
2022-02-16,226750.86816474795
2022-02-17,208195.11591502093
2022-02-18,206984.16490968317
2022-02-21,190474.2503503263
2022-02-22,195362.12066518888
2022-02-23,188612.47898350284
2022-02-24,191996.53651144356
2022-02-25,200863.0717599392
2022-02-28,222851.1728412062
2022-03-01,228798.96065567248
2022-03-02,226604.5170516111
2022-03-03,216355.6610118188
2022-03-04,196897.37941245362
2022-03-07,192615.24101690948
2022-03-08,197966.81047192775
2022-03-09,212383.2341989819
2022-03-10,197640.83082458004
2022-03-11,194351.16759003326
2022-03-14,201249.28214734234
2022-03-15,201469.64955714718
2022-03-16,212434.3337131478
2022-03-17,207782.17561712678
2022-03-18,210652.75101596117
2022-03-21,206121.1628132742
2022-03-22,209049.20125300996
2022-03-23,210604.41247849166
2022-03-24,212076.3425844144
2022-03-25,214040.284256218
2022-03-28,223240.6347640436
2022-03-29,226131.49007509276
2022-03-30,223839.43513018638
2022-03-31,217205.82416688278
2022-04-01,219273.18107446097
2022-04-04,217131.1191035062
2022-04-05,209275.12000426278
2022-04-06,200941.58171326853
2022-04-07,205129.34017858468
2022-04-08,200955.20800425112
2022-04-11,185677.8529592045
2022-04-12,188340.95604882948
2022-04-13,192376.24793366157
2022-04-14,187305.5494735092
2022-04-15,190641.84689362347
2022-04-18,191907.71150608175
2022-04-19,193070.79094183448
2022-04-20,193011.47601934895
2022-04-21,187268.84099207819
2022-04-22,183632.072827667
2022-04-25,194005.67615218647
2022-04-26,185868.37061366066
2022-04-27,196119.27003253624
2022-04-28,197421.37959301472
2022-04-29,190647.58734676056
2022-05-02,191540.8537286818
2022-05-03,191949.73306567222
2022-05-04,196828.487450419
2022-05-05,179905.79721360654
2022-05-06,181213.75078797343
2022-05-09,153920.64035575837
2022-05-10,160106.12046325207
2022-05-11,148481.12002203614
2022-05-12,149138.48063428234
2022-05-13,150321.8825147301
2022-05-16,151055.59850813448
2022-05-17,153945.71116887033
2022-05-18,141823.56862903948
2022-05-19,150586.4604275832
2022-05-20,143959.64434282947
2022-05-23,142008.49870264716
2022-05-24,142747.16076074168
2022-05-25,142425.54573734384
2022-05-26,141149.9755128799
2022-05-27,136501.99711836874
2022-05-30,150053.13559927046
2022-05-31,151089.77414464112
2022-06-01,140961.5709478706
2022-06-02,146716.18319357745
2022-06-03,142453.34829592708
2022-06-06,149794.9611948654
2022-06-07,149365.59334064834
2022-06-08,147069.1624605097
2022-06-09,147491.5746008791
2022-06-10,142606.61395473406
2022-06-13,112077.14977288432
2022-06-14,113552.21477673016
2022-06-15,115484.90218749829
2022-06-16,102968.09870643541
2022-06-17,103426.02022753004
2022-06-20,106130.87691714149
2022-06-21,107430.01360038482
2022-06-22,102389.55115071498
2022-06-23,109511.61429207865
2022-06-24,111211.4136556685
2022-06-27,108682.93221926317
2022-06-28,106205.63207074068
2022-06-29,105879.85248943791
2022-06-30,102502.69176466392
2022-07-01,101202.71367549151
2022-07-04,107852.85321278684
2022-07-05,107578.99098791648
2022-07-06,110656.4153500516
2022-07-07,117448.82649252657
2022-07-08,116005.05177643523
2022-07-11,104925.30832274351
2022-07-12,103908.55314420909
2022-07-13,109882.94295519032
2022-07-14,110890.38408460375
2022-07-15,112991.24149158597
2022-07-18,121649.82813293673
2022-07-19,127163.67263387889
2022-07-20,125755.68533145916
2022-07-21,126715.1544744987
2022-07-22,124882.40600639768
2022-07-25,117418.85877332184
2022-07-26,113766.49123909883
2022-07-27,122680.73021256644
2022-07-28,125013.49879406393
2022-07-29,123372.27421861142
2022-08-01,120562.38230414689
2022-08-02,119118.55985061824
2022-08-03,120577.0130793266
2022-08-04,119552.55810753442
2022-08-05,121362.94890986849
2022-08-08,122966.47060160246
2022-08-09,118371.9784411937
2022-08-10,122700.53967587091
2022-08-11,122032.46535273734
2022-08-12,125845.33586181607
2022-08-15,122492.72616096772
2022-08-16,121699.70076043159
2022-08-17,119987.60873195529
2022-08-18,119893.79233716056
2022-08-19,107874.31115572155
2022-08-22,110598.11310816556
2022-08-23,111000.969587476
2022-08-24,109189.47981088422
2022-08-25,110382.7765648514
2022-08-26,103502.35769860446
2022-08-29,102758.59533691406
2022-08-30,99522.520557696
2022-08-31,102692.88618772943
2022-09-01,104292.80919865519
2022-09-02,104649.587241509
2022-09-05,102449.77100135945
2022-09-06,97087.45970356464
2022-09-07,101220.18947610259
2022-09-08,101417.83629369456
2022-09-09,111466.36639111675
2022-09-12,115125.03921325319
2022-09-13,103350.83235797659
2022-09-14,105047.20373168774
2022-09-15,101711.44517915323
2022-09-16,103728.95182971563
2022-09-19,102620.35758840293
2022-09-20,97682.37866991386
2022-09-21,95361.45903764572
2022-09-22,100375.82572910003
2022-09-23,98717.07011067402
2022-09-26,101088.18742821366
2022-09-27,102994.38143018633
2022-09-28,104478.84502758553
2022-09-29,105189.48691024259
2022-09-30,104857.82363782823
2022-10-03,106247.94892829843
2022-10-04,105009.2892896533
2022-10-05,104347.83490560297
2022-10-06,103672.51867073402
2022-10-07,102036.50819933135
2022-10-10,99505.09276930243
2022-10-11,98815.89477845281
2022-10-12,101383.11543209106
2022-10-13,102564.63986147195
2022-10-14,100912.71392405033
2022-10-17,104154.7112274766
2022-10-18,102034.65453973414
2022-10-19,100287.33585904725
2022-10-20,100397.96515013557
2022-10-21,100015.09935493767
2022-10-24,99888.9311867347
2022-10-25,106632.63920390233
2022-10-26,110399.0470882617
2022-10-27,109216.91546238586
2022-10-28,109962.70147103816
2022-10-31,108391.89438407123
2022-11-01,106089.13625055924
2022-11-02,103668.22861172631
2022-11-03,103931.88693783805
2022-11-04,108165.97149631567
2022-11-07,104623.82442581467
2022-11-08,95549.23473634757
2022-11-09,81674.85494544124
2022-11-10,91190.9312711386
2022-11-11,90990.03717265092
2022-11-14,87728.45304040425
2022-11-15,90015.25239899196
2022-11-16,88876.44780138973
2022-11-17,90095.91020524129
2022-11-18,90537.01965661347
2022-11-21,84956.11192254163
2022-11-22,86106.91110687889
2022-11-23,88995.18291959725
2022-11-24,88971.70744335279
2022-11-25,87896.20119553711
2022-11-28,87711.39062870573
2022-11-29,88222.3945764089
2022-11-30,90447.44017915428
2022-12-01,87916.71089060605
2022-12-02,88580.77791241743
2022-12-05,88574.64186402876
2022-12-06,90232.58421052061
2022-12-07,88183.09994326346
2022-12-08,89683.00180144701
2022-12-09,89508.72620779462
2022-12-12,90075.70260980725
2022-12-13,94619.72991481889
2022-12-14,94294.67349041067
2022-12-15,91637.87067011092
2022-12-16,88428.10755392909
2022-12-19,87237.30851383507
2022-12-20,89461.40572812408
2022-12-21,87424.27510268055
2022-12-22,87516.09683915507
2022-12-23,86766.33808940649
2022-12-26,87378.94675385207
2022-12-27,87221.85795564484
2022-12-28,87601.18191417865
2022-12-29,87651.88455685973
2022-12-30,87738.02200995013
2023-01-02,88206.91272896621
2023-01-03,89406.21728802379
2023-01-04,92385.2490583118
2023-01-05,91425.16133161727
2023-01-06,90689.64428114891
2023-01-09,89841.68105721101
2023-01-10,91657.58552319743
2023-01-11,93230.9703285573
2023-01-12,97338.7728048591
2023-01-13,101692.12967003323
2023-01-16,107556.55175074935
2023-01-17,108897.17757041752
2023-01-18,105504.50551623106
2023-01-19,109341.34491026029
2023-01-20,117305.80409426708
2023-01-23,119403.52644627728
2023-01-24,117843.19701772928
2023-01-25,118788.81041152775
2023-01-26,116826.84913097695
2023-01-27,116841.71957514621
2023-01-30,116649.15955329781
2023-01-31,118355.12225078326
2023-02-01,120331.69958105311
2023-02-02,118615.10469101742
2023-02-03,118400.31934326515
2023-02-06,117210.00724815577
2023-02-07,119711.06176437344
2023-02-08,119498.20922554284
2023-02-09,113448.09543659538
2023-02-10,114523.94073988871
2023-02-13,113696.16363436729
2023-02-14,114623.8002053909
2023-02-15,126194.16523210239
2023-02-16,123267.28897973988
2023-02-17,128153.83546028659
2023-02-20,128246.74190157652
2023-02-21,126255.30493130442
2023-02-22,124971.66344892979
2023-02-23,123358.3173896037
2023-02-24,119150.21852391958
2023-02-27,122502.40600023419
2023-02-28,120359.29126725066
2023-03-01,123810.97346754
2023-03-02,121563.00745755248
2023-03-03,116276.99421679974
2023-03-06,116509.13025071472
2023-03-07,114480.70151203685
2023-03-08,112716.83684818726
2023-03-09,104755.53016333189
2023-03-10,104240.87466356903
2023-03-13,126204.6545065213
2023-03-14,129810.4786218144
2023-03-15,128015.2322143279
2023-03-16,132456.59700022638
2023-03-17,143416.18139653653
2023-03-20,146549.92220171262
2023-03-21,147520.12563409473
2023-03-22,143115.5502771139
2023-03-23,148359.51980260387
2023-03-24,145623.68350808512
2023-03-27,142351.43065262213
2023-03-28,141715.20732049554
2023-03-29,146402.69365335256
2023-03-30,143929.91928237677
2023-03-31,145032.37750692666
2023-04-03,140682.4399688365
2023-04-04,142617.8517766111
2023-04-05,142882.1101213917
2023-04-06,141151.7626242712
2023-04-07,141257.37498790026
2023-04-10,149878.0235084426
2023-04-11,153149.64192584157
2023-04-12,150815.82551640924
2023-04-13,149469.17441376857
2023-04-14,150193.89785308577
2023-04-17,144536.8916935008
2023-04-18,150157.8244804563
2023-04-19,143660.886302609
2023-04-20,143328.6130342521
2023-04-21,137685.65743950382
2023-04-24,138945.16849930957
2023-04-25,142483.46370593645
2023-04-26,143622.75439252798
2023-04-27,148636.31491372548
2023-04-28,146003.01340918243
