Date,IFIX
2013-04-30,"1,549.00"
2013-05-02,"1,540.78"
2013-05-03,"1,541.79"
2013-05-06,"1,540.13"
2013-05-07,"1,539.75"
2013-05-08,"1,539.67"
2013-05-09,"1,536.87"
2013-05-10,"1,541.05"
2013-05-13,"1,542.91"
2013-05-14,"1,548.20"
2013-05-15,"1,547.21"
2013-05-16,"1,552.87"
2013-05-17,"1,552.92"
2013-05-20,"1,552.45"
2013-05-21,"1,553.68"
2013-05-22,"1,552.59"
2013-05-23,"1,554.21"
2013-05-24,"1,551.31"
2013-05-27,"1,548.05"
2013-05-28,"1,550.11"
2013-05-29,"1,551.27"
2013-05-31,"1,549.36"
2013-06-03,"1,545.45"
2013-06-04,"1,538.29"
2013-06-05,"1,524.92"
2013-06-06,"1,512.61"
2013-06-07,"1,513.41"
2013-06-10,"1,499.83"
2013-06-11,"1,460.47"
2013-06-12,"1,466.67"
2013-06-13,"1,482.79"
2013-06-14,"1,472.98"
2013-06-17,"1,474.89"
2013-06-18,"1,460.91"
2013-06-19,"1,450.36"
2013-06-20,"1,425.67"
2013-06-21,"1,419.01"
2013-06-24,"1,399.88"
2013-06-25,"1,422.50"
2013-06-26,"1,430.82"
2013-06-27,"1,432.98"
2013-06-28,"1,437.76"
2013-07-01,"1,437.04"
2013-07-02,"1,428.68"
2013-07-03,"1,432.78"
2013-07-04,"1,421.15"
2013-07-05,"1,423.97"
2013-07-08,"1,425.02"
2013-07-10,"1,419.15"
2013-07-11,"1,416.12"
2013-07-12,"1,412.05"
2013-07-15,"1,407.48"
2013-07-16,"1,410.47"
2013-07-17,"1,406.12"
2013-07-18,"1,410.30"
2013-07-19,"1,415.39"
2013-07-22,"1,419.81"
2013-07-23,"1,430.93"
2013-07-24,"1,428.35"
2013-07-25,"1,425.77"
2013-07-26,"1,429.62"
2013-07-29,"1,427.97"
2013-07-30,"1,429.65"
2013-07-31,"1,427.11"
2013-08-01,"1,424.68"
2013-08-02,"1,418.52"
2013-08-05,"1,421.89"
2013-08-06,"1,411.92"
2013-08-07,"1,409.43"
2013-08-08,"1,406.49"
2013-08-09,"1,414.83"
2013-08-12,"1,410.10"
2013-08-13,"1,405.68"
2013-08-14,"1,403.65"
2013-08-15,"1,403.92"
2013-08-16,"1,402.45"
2013-08-19,"1,389.62"
2013-08-20,"1,390.45"
2013-08-21,"1,381.56"
2013-08-22,"1,379.16"
2013-08-23,"1,374.86"
2013-08-26,"1,375.92"
2013-08-27,"1,370.42"
2013-08-28,"1,362.63"
2013-08-29,"1,366.59"
2013-08-30,"1,375.00"
2013-09-02,"1,384.78"
2013-09-03,"1,386.97"
2013-09-04,"1,386.83"
2013-09-05,"1,385.22"
2013-09-06,"1,386.42"
2013-09-09,"1,384.83"
2013-09-10,"1,384.04"
2013-09-11,"1,381.96"
2013-09-12,"1,377.55"
2013-09-13,"1,375.76"
2013-09-16,"1,374.02"
2013-09-17,"1,372.65"
2013-09-18,"1,376.29"
2013-09-19,"1,378.50"
2013-09-20,"1,380.95"
2013-09-23,"1,379.49"
2013-09-24,"1,379.76"
2013-09-25,"1,388.39"
2013-09-26,"1,389.84"
2013-09-27,"1,392.47"
2013-09-30,"1,400.93"
2013-10-01,"1,402.08"
2013-10-02,"1,407.31"
2013-10-03,"1,406.08"
2013-10-04,"1,412.63"
2013-10-07,"1,406.75"
2013-10-08,"1,406.74"
2013-10-09,"1,407.53"
2013-10-10,"1,403.38"
2013-10-11,"1,405.86"
2013-10-14,"1,410.94"
2013-10-15,"1,409.90"
2013-10-16,"1,409.57"
2013-10-17,"1,406.48"
2013-10-18,"1,407.95"
2013-10-21,"1,410.10"
2013-10-22,"1,417.19"
2013-10-23,"1,420.51"
2013-10-24,"1,421.04"
2013-10-25,"1,423.10"
2013-10-28,"1,420.05"
2013-10-29,"1,418.21"
2013-10-30,"1,419.48"
2013-10-31,"1,423.10"
2013-11-01,"1,426.54"
2013-11-04,"1,425.13"
2013-11-05,"1,421.30"
2013-11-06,"1,424.16"
2013-11-07,"1,422.88"
2013-11-08,"1,420.76"
2013-11-11,"1,412.62"
2013-11-12,"1,412.75"
2013-11-13,"1,408.52"
2013-11-14,"1,414.38"
2013-11-18,"1,413.85"
2013-11-19,"1,411.81"
2013-11-21,"1,413.53"
2013-11-22,"1,413.05"
2013-11-25,"1,408.52"
2013-11-26,"1,406.59"
2013-11-27,"1,405.05"
2013-11-28,"1,406.25"
2013-11-29,"1,411.67"
2013-12-02,"1,407.18"
2013-12-03,"1,403.88"
2013-12-04,"1,399.89"
2013-12-05,"1,388.53"
2013-12-06,"1,386.40"
2013-12-09,"1,378.07"
2013-12-10,"1,380.54"
2013-12-11,"1,373.73"
2013-12-12,"1,370.13"
2013-12-13,"1,364.76"
2013-12-16,"1,363.48"
2013-12-17,"1,364.54"
2013-12-18,"1,359.07"
2013-12-19,"1,363.19"
2013-12-20,"1,372.09"
2013-12-23,"1,360.33"
2013-12-26,"1,363.00"
2013-12-27,"1,372.56"
2013-12-30,"1,374.70"
2014-01-02,"1,376.31"
2014-01-03,"1,374.91"
2014-01-06,"1,374.54"
2014-01-07,"1,374.34"
2014-01-08,"1,370.32"
2014-01-09,"1,363.67"
2014-01-10,"1,349.92"
2014-01-13,"1,348.09"
2014-01-14,"1,347.07"
2014-01-15,"1,347.01"
2014-01-16,"1,335.21"
2014-01-17,"1,332.07"
2014-01-20,"1,329.05"
2014-01-21,"1,318.76"
2014-01-22,"1,313.22"
2014-01-23,"1,307.90"
2014-01-24,"1,298.08"
2014-01-27,"1,289.27"
2014-01-28,"1,286.96"
2014-01-29,"1,272.36"
2014-01-30,"1,274.17"
2014-01-31,"1,282.04"
2014-02-03,"1,265.54"
2014-02-04,"1,256.79"
2014-02-05,"1,250.37"
2014-02-06,"1,241.30"
2014-02-07,"1,238.36"
2014-02-10,"1,231.30"
2014-02-11,"1,233.91"
2014-02-12,"1,234.49"
2014-02-13,"1,237.50"
2014-02-14,"1,243.78"
2014-02-17,"1,247.78"
2014-02-18,"1,251.43"
2014-02-19,"1,256.96"
2014-02-20,"1,259.54"
2014-02-21,"1,275.76"
2014-02-24,"1,284.00"
2014-02-25,"1,296.49"
2014-02-26,"1,303.46"
2014-02-27,"1,316.20"
2014-02-28,"1,330.42"
2014-03-05,"1,339.55"
2014-03-06,"1,337.75"
2014-03-07,"1,337.25"
2014-03-10,"1,327.47"
2014-03-11,"1,329.65"
2014-03-12,"1,327.98"
2014-03-13,"1,323.42"
2014-03-14,"1,321.58"
2014-03-17,"1,322.54"
2014-03-18,"1,323.29"
2014-03-19,"1,324.90"
2014-03-20,"1,323.39"
2014-03-21,"1,327.86"
2014-03-24,"1,325.66"
2014-03-25,"1,327.44"
2014-03-26,"1,330.20"
2014-03-27,"1,332.81"
2014-03-28,"1,332.94"
2014-03-31,"1,336.07"
2014-04-01,"1,335.17"
2014-04-02,"1,336.60"
2014-04-03,"1,338.64"
2014-04-04,"1,339.14"
2014-04-07,"1,340.29"
2014-04-08,"1,337.38"
2014-04-09,"1,336.22"
2014-04-10,"1,336.21"
2014-04-11,"1,337.62"
2014-04-14,"1,343.55"
2014-04-15,"1,346.13"
2014-04-16,"1,343.47"
2014-04-17,"1,344.76"
2014-04-22,"1,344.88"
2014-04-23,"1,345.93"
2014-04-24,"1,347.09"
2014-04-25,"1,347.44"
2014-04-28,"1,349.62"
2014-04-29,"1,348.59"
2014-04-30,"1,350.76"
2014-05-02,"1,359.12"
2014-05-05,"1,357.66"
2014-05-06,"1,357.10"
2014-05-07,"1,355.60"
2014-05-08,"1,358.08"
2014-05-09,"1,358.24"
2014-05-12,"1,357.77"
2014-05-13,"1,357.74"
2014-05-14,"1,361.40"
2014-05-15,"1,363.20"
2014-05-16,"1,360.47"
2014-05-19,"1,360.43"
2014-05-20,"1,358.59"
2014-05-21,"1,359.81"
2014-05-22,"1,357.78"
2014-05-23,"1,357.91"
2014-05-26,"1,357.56"
2014-05-27,"1,358.47"
2014-05-28,"1,361.01"
2014-05-29,"1,364.60"
2014-05-30,"1,369.25"
2014-06-02,"1,368.05"
2014-06-03,"1,366.52"
2014-06-04,"1,368.08"
2014-06-05,"1,369.85"
2014-06-06,"1,372.81"
2014-06-09,"1,371.70"
2014-06-10,"1,372.16"
2014-06-11,"1,372.33"
2014-06-13,"1,375.80"
2014-06-16,"1,375.30"
2014-06-17,"1,376.44"
2014-06-18,"1,376.06"
2014-06-20,"1,374.37"
2014-06-23,"1,376.34"
2014-06-24,"1,379.95"
2014-06-25,"1,381.84"
2014-06-26,"1,381.49"
2014-06-27,"1,383.52"
2014-06-30,"1,387.63"
2014-07-01,"1,387.99"
2014-07-02,"1,390.58"
2014-07-03,"1,390.76"
2014-07-04,"1,389.25"
2014-07-07,"1,386.06"
2014-07-08,"1,391.00"
2014-07-10,"1,388.36"
2014-07-11,"1,387.20"
2014-07-14,"1,390.27"
2014-07-15,"1,391.82"
2014-07-16,"1,389.69"
2014-07-17,"1,392.95"
2014-07-18,"1,394.02"
2014-07-21,"1,399.73"
2014-07-22,"1,404.87"
2014-07-23,"1,404.06"
2014-07-24,"1,406.35"
2014-07-25,"1,407.14"
2014-07-28,"1,402.94"
2014-07-29,"1,408.70"
2014-07-30,"1,408.57"
2014-07-31,"1,409.42"
2014-08-01,"1,410.03"
2014-08-04,"1,402.19"
2014-08-05,"1,397.56"
2014-08-06,"1,393.90"
2014-08-07,"1,392.72"
2014-08-08,"1,390.25"
2014-08-11,"1,391.82"
2014-08-12,"1,389.80"
2014-08-13,"1,392.70"
2014-08-14,"1,391.48"
2014-08-15,"1,397.15"
2014-08-18,"1,394.97"
2014-08-19,"1,396.90"
2014-08-20,"1,393.05"
2014-08-21,"1,399.34"
2014-08-22,"1,398.10"
2014-08-25,"1,396.11"
2014-08-26,"1,394.49"
2014-08-27,"1,400.58"
2014-08-28,"1,405.66"
2014-08-29,"1,413.10"
2014-09-01,"1,413.51"
2014-09-02,"1,418.07"
2014-09-03,"1,418.18"
2014-09-04,"1,420.67"
2014-09-05,"1,415.76"
2014-09-08,"1,412.31"
2014-09-09,"1,413.96"
2014-09-10,"1,412.52"
2014-09-11,"1,414.92"
2014-09-12,"1,414.03"
2014-09-15,"1,417.65"
2014-09-16,"1,418.49"
2014-09-17,"1,422.02"
2014-09-18,"1,424.14"
2014-09-19,"1,418.66"
2014-09-22,"1,416.89"
2014-09-23,"1,418.96"
2014-09-24,"1,419.42"
2014-09-25,"1,420.41"
2014-09-26,"1,424.10"
2014-09-29,"1,418.12"
2014-09-30,"1,421.44"
2014-10-01,"1,421.51"
2014-10-02,"1,420.16"
2014-10-03,"1,412.19"
2014-10-06,"1,414.58"
2014-10-07,"1,418.92"
2014-10-08,"1,416.17"
2014-10-09,"1,416.88"
2014-10-10,"1,419.32"
2014-10-13,"1,419.08"
2014-10-14,"1,421.24"
2014-10-15,"1,419.86"
2014-10-16,"1,416.78"
2014-10-17,"1,419.97"
2014-10-20,"1,416.45"
2014-10-21,"1,410.61"
2014-10-22,"1,409.59"
2014-10-23,"1,405.25"
2014-10-24,"1,405.53"
2014-10-27,"1,396.22"
2014-10-28,"1,397.66"
2014-10-29,"1,396.20"
2014-10-30,"1,400.47"
2014-10-31,"1,402.46"
2014-11-03,"1,398.45"
2014-11-04,"1,396.22"
2014-11-05,"1,391.95"
2014-11-06,"1,386.47"
2014-11-07,"1,383.83"
2014-11-10,"1,377.18"
2014-11-11,"1,366.53"
2014-11-12,"1,361.40"
2014-11-13,"1,352.21"
2014-11-14,"1,349.87"
2014-11-17,"1,347.11"
2014-11-18,"1,345.11"
2014-11-19,"1,341.43"
2014-11-21,"1,344.02"
2014-11-24,"1,351.52"
2014-11-25,"1,354.24"
2014-11-26,"1,357.08"
2014-11-27,"1,356.64"
2014-11-28,"1,361.00"
2014-12-01,"1,354.97"
2014-12-02,"1,351.08"
2014-12-03,"1,343.45"
2014-12-04,"1,341.81"
2014-12-05,"1,343.84"
2014-12-08,"1,336.17"
2014-12-09,"1,331.27"
2014-12-10,"1,331.18"
2014-12-11,"1,330.02"
2014-12-12,"1,321.80"
2014-12-15,"1,320.72"
2014-12-16,"1,304.15"
2014-12-17,"1,312.56"
2014-12-18,"1,318.20"
2014-12-19,"1,323.46"
2014-12-22,"1,319.55"
2014-12-23,"1,324.39"
2014-12-26,"1,329.78"
2014-12-29,"1,332.78"
2014-12-30,"1,336.72"
2015-01-02,"1,346.52"
2015-01-05,"1,352.79"
2015-01-06,"1,347.43"
2015-01-07,"1,351.00"
2015-01-08,"1,352.45"
2015-01-09,"1,355.06"
2015-01-12,"1,358.68"
2015-01-13,"1,358.96"
2015-01-14,"1,359.88"
2015-01-15,"1,371.12"
2015-01-16,"1,376.51"
2015-01-19,"1,379.29"
2015-01-20,"1,375.68"
2015-01-21,"1,374.67"
2015-01-22,"1,379.17"
2015-01-23,"1,378.63"
2015-01-26,"1,376.07"
2015-01-27,"1,372.38"
2015-01-28,"1,370.51"
2015-01-29,"1,372.91"
2015-01-30,"1,372.06"
2015-02-02,"1,372.96"
2015-02-03,"1,373.29"
2015-02-04,"1,370.67"
2015-02-05,"1,368.99"
2015-02-06,"1,367.75"
2015-02-09,"1,364.09"
2015-02-10,"1,358.30"
2015-02-11,"1,359.19"
2015-02-12,"1,364.45"
2015-02-13,"1,365.62"
2015-02-18,"1,366.02"
2015-02-19,"1,366.56"
2015-02-20,"1,362.61"
2015-02-23,"1,364.05"
2015-02-24,"1,367.98"
2015-02-25,"1,363.37"
2015-02-26,"1,368.39"
2015-02-27,"1,369.42"
2015-03-02,"1,364.52"
2015-03-03,"1,359.53"
2015-03-04,"1,355.85"
2015-03-05,"1,354.25"
2015-03-06,"1,355.19"
2015-03-09,"1,355.42"
2015-03-10,"1,343.92"
2015-03-11,"1,345.47"
2015-03-12,"1,344.52"
2015-03-13,"1,341.75"
2015-03-16,"1,333.18"
2015-03-17,"1,333.18"
2015-03-18,"1,334.15"
2015-03-19,"1,335.41"
2015-03-20,"1,333.17"
2015-03-23,"1,331.98"
2015-03-24,"1,330.44"
2015-03-25,"1,331.99"
2015-03-26,"1,332.24"
2015-03-27,"1,338.25"
2015-03-30,"1,340.09"
2015-03-31,"1,347.63"
2015-04-01,"1,354.08"
2015-04-02,"1,356.10"
2015-04-06,"1,360.77"
2015-04-07,"1,361.94"
2015-04-08,"1,364.54"
2015-04-09,"1,364.40"
2015-04-10,"1,365.79"
2015-04-13,"1,365.55"
2015-04-14,"1,362.08"
2015-04-15,"1,370.17"
2015-04-16,"1,372.27"
2015-04-17,"1,372.39"
2015-04-20,"1,372.52"
2015-04-22,"1,375.39"
2015-04-23,"1,381.31"
2015-04-24,"1,384.53"
2015-04-27,"1,384.43"
2015-04-28,"1,385.97"
2015-04-29,"1,390.17"
2015-04-30,"1,397.06"
2015-05-04,"1,398.93"
2015-05-05,"1,403.05"
2015-05-06,"1,409.70"
2015-05-07,"1,404.49"
2015-05-08,"1,405.78"
2015-05-11,"1,407.24"
2015-05-12,"1,407.86"
2015-05-13,"1,408.76"
2015-05-14,"1,409.23"
2015-05-15,"1,413.51"
2015-05-18,"1,413.57"
2015-05-19,"1,411.46"
2015-05-20,"1,410.63"
2015-05-21,"1,414.03"
2015-05-22,"1,415.42"
2015-05-25,"1,417.85"
2015-05-26,"1,412.77"
2015-05-27,"1,415.75"
2015-05-28,"1,414.25"
2015-05-29,"1,417.54"
2015-06-01,"1,419.78"
2015-06-02,"1,422.79"
2015-06-03,"1,425.72"
2015-06-05,"1,431.46"
2015-06-08,"1,428.63"
2015-06-09,"1,429.45"
2015-06-10,"1,433.71"
2015-06-11,"1,432.79"
2015-06-12,"1,434.87"
2015-06-15,"1,437.01"
2015-06-16,"1,441.53"
2015-06-17,"1,444.31"
2015-06-18,"1,451.16"
2015-06-19,"1,448.66"
2015-06-22,"1,451.34"
2015-06-23,"1,449.95"
2015-06-24,"1,452.52"
2015-06-25,"1,452.88"
2015-06-26,"1,453.31"
2015-06-29,"1,455.54"
2015-06-30,"1,460.46"
2015-07-01,"1,466.83"
2015-07-02,"1,467.47"
2015-07-03,"1,466.48"
2015-07-06,"1,465.88"
2015-07-07,"1,469.80"
2015-07-08,"1,471.65"
2015-07-10,"1,470.55"
2015-07-13,"1,474.17"
2015-07-14,"1,473.04"
2015-07-15,"1,477.54"
2015-07-16,"1,479.86"
2015-07-17,"1,478.81"
2015-07-20,"1,476.84"
2015-07-21,"1,476.72"
2015-07-22,"1,477.35"
2015-07-23,"1,472.20"
2015-07-24,"1,467.90"
2015-07-27,"1,468.24"
2015-07-28,"1,466.23"
2015-07-29,"1,467.52"
2015-07-30,"1,466.67"
2015-07-31,"1,470.74"
2015-08-03,"1,472.12"
2015-08-04,"1,466.85"
2015-08-05,"1,464.14"
2015-08-06,"1,456.00"
2015-08-07,"1,451.37"
2015-08-10,"1,454.89"
2015-08-11,"1,453.03"
2015-08-12,"1,452.13"
2015-08-13,"1,452.36"
2015-08-14,"1,451.08"
2015-08-17,"1,453.44"
2015-08-18,"1,450.92"
2015-08-19,"1,448.08"
2015-08-20,"1,451.10"
2015-08-21,"1,451.71"
2015-08-24,"1,451.17"
2015-08-25,"1,449.33"
2015-08-26,"1,449.72"
2015-08-27,"1,456.01"
2015-08-28,"1,458.02"
2015-08-31,"1,458.13"
2015-09-01,"1,452.21"
2015-09-02,"1,450.41"
2015-09-03,"1,449.93"
2015-09-04,"1,447.49"
2015-09-08,"1,447.81"
2015-09-09,"1,442.90"
2015-09-10,"1,431.80"
2015-09-11,"1,425.24"
2015-09-14,"1,425.95"
2015-09-15,"1,430.08"
2015-09-16,"1,430.75"
2015-09-17,"1,433.03"
2015-09-18,"1,425.00"
2015-09-21,"1,417.52"
2015-09-22,"1,412.95"
2015-09-23,"1,404.26"
2015-09-24,"1,393.34"
2015-09-25,"1,398.42"
2015-09-28,"1,388.22"
2015-09-29,"1,393.16"
2015-09-30,"1,400.43"
2015-10-01,"1,408.49"
2015-10-02,"1,410.77"
2015-10-05,"1,410.64"
2015-10-06,"1,410.58"
2015-10-07,"1,416.28"
2015-10-08,"1,418.47"
2015-10-09,"1,420.91"
2015-10-13,"1,418.08"
2015-10-14,"1,419.33"
2015-10-15,"1,416.29"
2015-10-16,"1,415.49"
2015-10-19,"1,416.07"
2015-10-20,"1,417.87"
2015-10-21,"1,415.82"
2015-10-22,"1,419.34"
2015-10-23,"1,417.74"
2015-10-26,"1,421.14"
2015-10-27,"1,421.99"
2015-10-28,"1,423.98"
2015-10-29,"1,431.26"
2015-10-30,"1,430.18"
2015-11-03,"1,437.53"
2015-11-04,"1,437.60"
2015-11-05,"1,438.99"
2015-11-06,"1,441.05"
2015-11-09,"1,439.27"
2015-11-10,"1,443.75"
2015-11-11,"1,444.43"
2015-11-12,"1,442.70"
2015-11-13,"1,442.85"
2015-11-16,"1,453.36"
2015-11-17,"1,456.28"
2015-11-18,"1,455.19"
2015-11-19,"1,462.11"
2015-11-23,"1,461.82"
2015-11-24,"1,463.81"
2015-11-25,"1,457.80"
2015-11-26,"1,452.55"
2015-11-27,"1,447.93"
2015-11-30,"1,452.66"
2015-12-01,"1,445.53"
2015-12-02,"1,453.48"
2015-12-03,"1,440.77"
2015-12-04,"1,441.75"
2015-12-07,"1,447.56"
2015-12-08,"1,447.82"
2015-12-09,"1,449.28"
2015-12-10,"1,447.23"
2015-12-11,"1,442.92"
2015-12-14,"1,441.02"
2015-12-15,"1,441.29"
2015-12-16,"1,371.60"
2015-12-17,"1,395.75"
2015-12-18,"1,400.58"
2015-12-21,"1,400.03"
2015-12-22,"1,405.27"
2015-12-23,"1,406.42"
2015-12-28,"1,416.33"
2015-12-29,"1,415.61"
2015-12-30,"1,409.02"
2016-01-04,"1,398.22"
2016-01-05,"1,392.16"
2016-01-06,"1,397.18"
2016-01-07,"1,386.64"
2016-01-08,"1,381.84"
2016-01-11,"1,373.45"
2016-01-12,"1,378.07"
2016-01-13,"1,372.94"
2016-01-14,"1,353.16"
2016-01-15,"1,349.15"
2016-01-18,"1,353.12"
2016-01-19,"1,344.26"
2016-01-20,"1,331.82"
2016-01-21,"1,333.76"
2016-01-22,"1,327.60"
2016-01-26,"1,316.60"
2016-01-27,"1,309.00"
2016-01-28,"1,305.98"
2016-01-29,"1,322.96"
2016-02-01,"1,327.13"
2016-02-02,"1,326.04"
2016-02-03,"1,341.58"
2016-02-04,"1,339.95"
2016-02-05,"1,338.05"
2016-02-10,"1,341.18"
2016-02-11,"1,339.88"
2016-02-12,"1,336.44"
2016-02-15,"1,330.33"
2016-02-16,"1,339.68"
2016-02-17,"1,336.74"
2016-02-18,"1,334.82"
2016-02-19,"1,338.68"
2016-02-22,"1,338.72"
2016-02-23,"1,335.42"
2016-02-24,"1,346.21"
2016-02-25,"1,352.26"
2016-02-26,"1,359.88"
2016-02-29,"1,361.06"
2016-03-01,"1,360.02"
2016-03-02,"1,369.50"
2016-03-03,"1,376.88"
2016-03-04,"1,393.33"
2016-03-07,"1,393.91"
2016-03-08,"1,394.65"
2016-03-09,"1,402.65"
2016-03-10,"1,407.14"
2016-03-11,"1,413.50"
2016-03-14,"1,423.51"
2016-03-15,"1,417.69"
2016-03-16,"1,415.63"
2016-03-17,"1,431.69"
2016-03-18,"1,444.11"
2016-03-21,"1,439.14"
2016-03-22,"1,453.74"
2016-03-23,"1,458.86"
2016-03-24,"1,455.17"
2016-03-28,"1,469.48"
2016-03-29,"1,479.89"
2016-03-30,"1,478.63"
2016-03-31,"1,485.76"
2016-04-01,"1,487.44"
2016-04-04,"1,481.32"
2016-04-05,"1,478.41"
2016-04-06,"1,481.24"
2016-04-07,"1,475.73"
2016-04-08,"1,483.00"
2016-04-11,"1,481.13"
2016-04-12,"1,488.87"
2016-04-13,"1,497.05"
2016-04-14,"1,499.64"
2016-04-15,"1,512.77"
2016-04-18,"1,515.81"
2016-04-19,"1,515.29"
2016-04-20,"1,520.82"
2016-04-22,"1,522.98"
2016-04-25,"1,526.99"
2016-04-26,"1,537.06"
2016-04-27,"1,543.63"
2016-04-28,"1,549.89"
2016-04-29,"1,554.17"
2016-05-02,"1,558.20"
2016-05-03,"1,553.20"
2016-05-04,"1,547.05"
2016-05-05,"1,552.09"
2016-05-06,"1,558.94"
2016-05-09,"1,551.74"
2016-05-10,"1,564.04"
2016-05-11,"1,569.84"
2016-05-12,"1,582.77"
2016-05-13,"1,592.36"
2016-05-16,"1,603.53"
2016-05-17,"1,607.50"
2016-05-18,"1,606.62"
2016-05-19,"1,598.19"
2016-05-20,"1,602.12"
2016-05-23,"1,596.12"
2016-05-24,"1,600.10"
2016-05-25,"1,601.05"
2016-05-27,"1,602.61"
2016-05-30,"1,609.51"
2016-05-31,"1,612.36"
2016-06-01,"1,617.44"
2016-06-02,"1,619.29"
2016-06-03,"1,619.81"
2016-06-06,"1,629.48"
2016-06-07,"1,620.83"
2016-06-08,"1,634.71"
2016-06-09,"1,636.77"
2016-06-10,"1,642.74"
2016-06-13,"1,639.22"
2016-06-14,"1,632.86"
2016-06-15,"1,635.46"
2016-06-16,"1,633.89"
2016-06-17,"1,632.74"
2016-06-20,"1,634.11"
2016-06-21,"1,633.04"
2016-06-22,"1,632.53"
2016-06-23,"1,631.14"
2016-06-24,"1,629.94"
2016-06-27,"1,629.35"
2016-06-28,"1,632.76"
2016-06-29,"1,635.59"
2016-06-30,"1,638.16"
2016-07-01,"1,647.44"
2016-07-04,"1,645.99"
2016-07-05,"1,646.37"
2016-07-06,"1,643.74"
2016-07-07,"1,645.65"
2016-07-08,"1,654.93"
2016-07-11,"1,654.88"
2016-07-12,"1,654.56"
2016-07-13,"1,655.48"
2016-07-14,"1,661.66"
2016-07-15,"1,673.49"
2016-07-18,"1,685.31"
2016-07-19,"1,700.43"
2016-07-20,"1,709.85"
2016-07-21,"1,715.03"
2016-07-22,"1,725.03"
2016-07-25,"1,731.16"
2016-07-26,"1,728.20"
2016-07-27,"1,735.37"
2016-07-28,"1,736.15"
2016-07-29,"1,736.00"
2016-08-01,"1,735.00"
2016-08-02,"1,742.00"
2016-08-03,"1,742.48"
2016-08-04,"1,750.18"
2016-08-05,"1,750.72"
2016-08-08,"1,753.16"
2016-08-09,"1,751.02"
2016-08-10,"1,751.37"
2016-08-11,"1,748.68"
2016-08-12,"1,752.69"
2016-08-15,"1,755.33"
2016-08-16,"1,753.94"
2016-08-17,"1,740.34"
2016-08-18,"1,740.29"
2016-08-19,"1,748.33"
2016-08-22,"1,746.98"
2016-08-23,"1,745.93"
2016-08-24,"1,748.73"
2016-08-25,"1,751.87"
2016-08-26,"1,758.55"
2016-08-29,"1,762.64"
2016-08-30,"1,762.78"
2016-08-31,"1,767.12"
2016-09-01,"1,760.51"
2016-09-02,"1,773.81"
2016-09-05,"1,774.00"
2016-09-06,"1,771.58"
2016-09-08,"1,777.19"
2016-09-09,"1,774.04"
2016-09-12,"1,770.65"
2016-09-13,"1,766.52"
2016-09-14,"1,772.73"
2016-09-15,"1,770.89"
2016-09-16,"1,768.80"
2016-09-19,"1,775.38"
2016-09-20,"1,775.86"
2016-09-21,"1,775.66"
2016-09-22,"1,781.40"
2016-09-23,"1,790.83"
2016-09-26,"1,793.67"
2016-09-27,"1,801.21"
2016-09-28,"1,803.33"
2016-09-29,"1,810.00"
2016-09-30,"1,816.05"
2016-10-03,"1,816.57"
2016-10-04,"1,810.74"
2016-10-05,"1,815.73"
2016-10-06,"1,814.91"
2016-10-07,"1,815.65"
2016-10-10,"1,820.17"
2016-10-11,"1,818.73"
2016-10-13,"1,818.46"
2016-10-14,"1,826.18"
2016-10-17,"1,831.35"
2016-10-18,"1,838.58"
2016-10-19,"1,842.78"
2016-10-20,"1,845.52"
2016-10-21,"1,848.64"
2016-10-24,"1,853.91"
2016-10-25,"1,857.52"
2016-10-26,"1,863.72"
2016-10-27,"1,869.37"
2016-10-28,"1,879.00"
2016-10-31,"1,885.92"
2016-11-01,"1,889.32"
2016-11-03,"1,880.63"
2016-11-04,"1,881.61"
2016-11-07,"1,874.98"
2016-11-08,"1,872.31"
2016-11-09,"1,868.60"
2016-11-10,"1,856.10"
2016-11-11,"1,848.18"
2016-11-14,"1,838.87"
2016-11-16,"1,837.18"
2016-11-17,"1,840.71"
2016-11-18,"1,837.89"
2016-11-21,"1,829.27"
2016-11-22,"1,837.07"
2016-11-23,"1,831.55"
2016-11-24,"1,830.69"
2016-11-25,"1,830.16"
2016-11-28,"1,832.68"
2016-11-29,"1,835.09"
2016-11-30,"1,837.13"
2016-12-01,"1,836.30"
2016-12-02,"1,839.26"
2016-12-05,"1,832.16"
2016-12-06,"1,835.81"
2016-12-07,"1,835.50"
2016-12-08,"1,837.01"
2016-12-09,"1,848.07"
2016-12-12,"1,851.65"
2016-12-13,"1,843.10"
2016-12-14,"1,842.65"
2016-12-15,"1,848.57"
2016-12-16,"1,848.95"
2016-12-19,"1,845.44"
2016-12-20,"1,846.97"
2016-12-21,"1,857.69"
2016-12-22,"1,857.48"
2016-12-23,"1,852.41"
2016-12-26,"1,860.56"
2016-12-27,"1,861.23"
2016-12-28,"1,858.28"
2016-12-29,"1,864.62"
2017-01-02,"1,872.43"
2017-01-03,"1,873.90"
2017-01-04,"1,874.03"
2017-01-05,"1,873.42"
2017-01-06,"1,879.72"
2017-01-09,"1,873.81"
2017-01-10,"1,882.40"
2017-01-11,"1,883.26"
2017-01-12,"1,892.06"
2017-01-13,"1,903.65"
2017-01-16,"1,907.98"
2017-01-17,"1,912.01"
2017-01-18,"1,916.51"
2017-01-19,"1,918.64"
2017-01-20,"1,921.65"
2017-01-23,"1,928.72"
2017-01-24,"1,926.87"
2017-01-26,"1,922.77"
2017-01-27,"1,923.81"
2017-01-30,"1,926.52"
2017-01-31,"1,934.70"
2017-02-01,"1,933.75"
2017-02-02,"1,941.82"
2017-02-03,"1,947.33"
2017-02-06,"1,947.44"
2017-02-07,"1,949.04"
2017-02-08,"1,952.59"
2017-02-09,"1,955.52"
2017-02-10,"1,954.37"
2017-02-13,"1,965.01"
2017-02-14,"1,977.45"
2017-02-15,"1,979.11"
2017-02-16,"1,977.25"
2017-02-17,"1,985.09"
2017-02-20,"1,990.89"
2017-02-21,"1,995.02"
2017-02-22,"2,009.32"
2017-02-23,"2,010.49"
2017-02-24,"2,028.86"
2017-03-01,"2,033.84"
2017-03-02,"2,030.45"
2017-03-03,"2,040.73"
2017-03-06,"2,038.02"
2017-03-07,"2,043.29"
2017-03-08,"2,038.29"
2017-03-09,"2,037.05"
2017-03-10,"2,041.19"
2017-03-13,"2,038.03"
2017-03-14,"2,037.54"
2017-03-15,"2,038.08"
2017-03-16,"2,047.40"
2017-03-17,"2,043.98"
2017-03-20,"2,042.58"
2017-03-21,"2,035.81"
2017-03-22,"2,040.03"
2017-03-23,"2,035.47"
2017-03-24,"2,034.22"
2017-03-27,"2,025.16"
2017-03-28,"2,023.39"
2017-03-29,"2,016.84"
2017-03-30,"2,026.09"
2017-03-31,"2,032.82"
2017-04-03,"2,014.60"
2017-04-04,"2,017.52"
2017-04-05,"2,016.91"
2017-04-06,"2,021.50"
2017-04-07,"2,024.95"
2017-04-10,"2,024.38"
2017-04-11,"2,026.40"
2017-04-12,"2,028.37"
2017-04-13,"2,029.78"
2017-04-17,"2,027.98"
2017-04-18,"2,028.76"
2017-04-19,"2,027.34"
2017-04-20,"2,026.06"
2017-04-24,"2,028.62"
2017-04-25,"2,023.53"
2017-04-26,"2,026.37"
2017-04-27,"2,025.22"
2017-04-28,"2,035.86"
2017-05-02,"2,039.86"
2017-05-03,"2,045.83"
2017-05-04,"2,038.61"
2017-05-05,"2,047.17"
2017-05-08,"2,046.73"
2017-05-09,"2,050.42"
2017-05-10,"2,051.21"
2017-05-11,"2,049.03"
2017-05-12,"2,059.61"
2017-05-15,"2,067.62"
2017-05-16,"2,072.82"
2017-05-17,"2,072.25"
2017-05-18,"2,009.94"
2017-05-19,"2,034.80"
2017-05-22,"2,027.81"
2017-05-23,"2,032.61"
2017-05-24,"2,041.61"
2017-05-25,"2,041.57"
2017-05-26,"2,054.00"
2017-05-29,"2,056.99"
2017-05-30,"2,055.80"
2017-05-31,"2,056.75"
2017-06-01,"2,068.53"
2017-06-02,"2,077.36"
2017-06-05,"2,063.16"
2017-06-06,"2,065.49"
2017-06-07,"2,068.10"
2017-06-08,"2,057.07"
2017-06-09,"2,064.68"
2017-06-12,"2,058.75"
2017-06-13,"2,054.45"
2017-06-14,"2,061.95"
2017-06-16,"2,064.16"
2017-06-19,"2,065.11"
2017-06-20,"2,065.39"
2017-06-21,"2,072.66"
2017-06-22,"2,077.22"
2017-06-23,"2,071.71"
2017-06-26,"2,070.14"
2017-06-27,"2,070.34"
2017-06-28,"2,062.68"
2017-06-29,"2,065.20"
2017-06-30,"2,074.14"
2017-07-03,"2,072.76"
2017-07-04,"2,067.28"
2017-07-05,"2,055.25"
2017-07-06,"2,053.22"
2017-07-07,"2,052.87"
2017-07-10,"2,053.93"
2017-07-11,"2,051.86"
2017-07-12,"2,061.23"
2017-07-13,"2,054.41"
2017-07-14,"2,059.26"
2017-07-17,"2,057.46"
2017-07-18,"2,060.91"
2017-07-19,"2,061.60"
2017-07-20,"2,057.95"
2017-07-21,"2,059.73"
2017-07-24,"2,058.41"
2017-07-25,"2,052.48"
2017-07-26,"2,053.69"
2017-07-27,"2,063.52"
2017-07-28,"2,065.00"
2017-07-31,"2,066.19"
2017-08-01,"2,063.64"
2017-08-02,"2,067.29"
2017-08-03,"2,071.43"
2017-08-04,"2,073.95"
2017-08-07,"2,078.56"
2017-08-08,"2,074.50"
2017-08-09,"2,070.99"
2017-08-10,"2,071.41"
2017-08-11,"2,076.92"
2017-08-14,"2,071.66"
2017-08-15,"2,066.69"
2017-08-16,"2,073.49"
2017-08-17,"2,066.13"
2017-08-18,"2,062.45"
2017-08-21,"2,067.35"
2017-08-22,"2,065.88"
2017-08-23,"2,066.56"
2017-08-24,"2,072.51"
2017-08-25,"2,072.99"
2017-08-28,"2,081.69"
2017-08-29,"2,078.42"
2017-08-30,"2,082.33"
2017-08-31,"2,084.00"
2017-09-01,"2,098.30"
2017-09-04,"2,102.29"
2017-09-05,"2,112.58"
2017-09-06,"2,125.10"
2017-09-08,"2,150.55"
2017-09-11,"2,165.48"
2017-09-12,"2,151.80"
2017-09-13,"2,158.05"
2017-09-14,"2,162.57"
2017-09-15,"2,178.03"
2017-09-18,"2,190.97"
2017-09-19,"2,191.35"
2017-09-20,"2,204.81"
2017-09-21,"2,202.80"
2017-09-22,"2,213.91"
2017-09-25,"2,210.34"
2017-09-26,"2,213.37"
2017-09-27,"2,214.78"
2017-09-28,"2,214.03"
2017-09-29,"2,221.05"
2017-10-02,"2,225.07"
2017-10-03,"2,234.81"
2017-10-04,"2,237.73"
2017-10-05,"2,238.94"
2017-10-06,"2,232.72"
2017-10-09,"2,234.45"
2017-10-10,"2,232.75"
2017-10-11,"2,241.08"
2017-10-13,"2,238.32"
2017-10-16,"2,234.93"
2017-10-17,"2,235.07"
2017-10-18,"2,232.50"
2017-10-19,"2,232.09"
2017-10-20,"2,195.47"
2017-10-23,"2,199.44"
2017-10-24,"2,202.84"
2017-10-25,"2,209.95"
2017-10-26,"2,212.00"
2017-10-27,"2,215.69"
2017-10-30,"2,222.85"
2017-10-31,"2,226.26"
2017-11-01,"2,221.11"
2017-11-03,"2,209.91"
2017-11-06,"2,212.19"
2017-11-07,"2,210.06"
2017-11-08,"2,212.98"
2017-11-09,"2,215.09"
2017-11-10,"2,207.94"
2017-11-13,"2,209.15"
2017-11-14,"2,208.72"
2017-11-16,"2,208.78"
2017-11-17,"2,211.48"
2017-11-21,"2,216.66"
2017-11-22,"2,217.91"
2017-11-23,"2,220.66"
2017-11-24,"2,223.07"
2017-11-27,"2,211.33"
2017-11-28,"2,215.35"
2017-11-29,"2,209.02"
2017-11-30,"2,213.08"
2017-12-01,"2,205.56"
2017-12-04,"2,203.30"
2017-12-05,"2,205.38"
2017-12-06,"2,207.24"
2017-12-07,"2,197.86"
2017-12-08,"2,205.64"
2017-12-11,"2,193.47"
2017-12-12,"2,193.57"
2017-12-13,"2,194.37"
2017-12-14,"2,190.23"
2017-12-15,"2,194.89"
2017-12-18,"2,194.18"
2017-12-19,"2,196.71"
2017-12-20,"2,191.38"
2017-12-21,"2,190.37"
2017-12-22,"2,187.08"
2017-12-26,"2,203.37"
2017-12-27,"2,217.01"
2017-12-28,"2,226.46"
2018-01-02,"2,238.05"
2018-01-03,"2,247.45"
2018-01-04,"2,248.29"
2018-01-05,"2,244.81"
2018-01-08,"2,242.59"
2018-01-09,"2,240.93"
2018-01-10,"2,243.41"
2018-01-11,"2,246.55"
2018-01-12,"2,251.56"
2018-01-15,"2,250.38"
2018-01-16,"2,258.71"
2018-01-17,"2,262.37"
2018-01-18,"2,264.62"
2018-01-19,"2,267.67"
2018-01-22,"2,263.35"
2018-01-23,"2,260.00"
2018-01-24,"2,265.38"
2018-01-26,"2,279.14"
2018-01-29,"2,275.42"
2018-01-30,"2,278.14"
2018-01-31,"2,285.23"
2018-02-01,"2,275.99"
2018-02-02,"2,272.80"
2018-02-05,"2,267.36"
2018-02-06,"2,267.62"
2018-02-07,"2,267.09"
2018-02-08,"2,267.28"
2018-02-09,"2,268.57"
2018-02-14,"2,268.43"
2018-02-15,"2,269.92"
2018-02-16,"2,277.59"
2018-02-19,"2,279.83"
2018-02-20,"2,282.65"
2018-02-21,"2,284.85"
2018-02-22,"2,287.55"
2018-02-23,"2,294.88"
2018-02-26,"2,297.99"
2018-02-27,"2,296.52"
2018-02-28,"2,311.41"
2018-03-01,"2,303.74"
2018-03-02,"2,297.10"
2018-03-05,"2,295.40"
2018-03-06,"2,294.79"
2018-03-07,"2,296.47"
2018-03-08,"2,301.44"
2018-03-09,"2,307.55"
2018-03-12,"2,312.85"
2018-03-13,"2,316.95"
2018-03-14,"2,317.86"
2018-03-15,"2,322.04"
2018-03-16,"2,322.11"
2018-03-19,"2,324.41"
2018-03-20,"2,329.47"
2018-03-21,"2,328.01"
2018-03-22,"2,333.53"
2018-03-23,"2,338.57"
2018-03-26,"2,345.65"
2018-03-27,"2,349.61"
2018-03-28,"2,353.52"
2018-03-29,"2,357.54"
2018-04-02,"2,353.96"
2018-04-03,"2,359.13"
2018-04-04,"2,359.67"
2018-04-05,"2,351.57"
2018-04-06,"2,362.18"
2018-04-09,"2,352.34"
2018-04-10,"2,346.64"
2018-04-11,"2,347.54"
2018-04-12,"2,346.08"
2018-04-13,"2,348.67"
2018-04-16,"2,343.29"
2018-04-17,"2,344.62"
2018-04-18,"2,341.00"
2018-04-19,"2,340.63"
2018-04-20,"2,334.12"
2018-04-23,"2,330.99"
2018-04-24,"2,326.74"
2018-04-25,"2,315.88"
2018-04-26,"2,319.61"
2018-04-27,"2,325.79"
2018-04-30,"2,337.25"
2018-05-02,"2,326.43"
2018-05-03,"2,327.30"
2018-05-04,"2,327.39"
2018-05-07,"2,313.08"
2018-05-08,"2,309.05"
2018-05-09,"2,305.52"
2018-05-10,"2,302.68"
2018-05-11,"2,303.06"
2018-05-14,"2,300.95"
2018-05-15,"2,294.26"
2018-05-16,"2,277.69"
2018-05-17,"2,265.20"
2018-05-18,"2,250.83"
2018-05-21,"2,239.40"
2018-05-22,"2,217.75"
2018-05-23,"2,220.02"
2018-05-24,"2,209.39"
2018-05-25,"2,206.63"
2018-05-28,"2,184.69"
2018-05-29,"2,203.59"
2018-05-30,"2,214.11"
2018-06-01,"2,211.67"
2018-06-04,"2,211.56"
2018-06-05,"2,209.89"
2018-06-06,"2,195.05"
2018-06-07,"2,161.65"
2018-06-08,"2,142.99"
2018-06-11,"2,139.10"
2018-06-12,"2,136.04"
2018-06-13,"2,127.60"
2018-06-14,"2,118.50"
2018-06-15,"2,106.21"
2018-06-18,"2,090.17"
2018-06-19,"2,085.24"
2018-06-20,"2,089.30"
2018-06-21,"2,091.36"
2018-06-22,"2,094.50"
2018-06-25,"2,093.83"
2018-06-26,"2,101.82"
2018-06-27,"2,109.27"
2018-06-28,"2,110.91"
2018-06-29,"2,125.22"
2018-07-02,"2,132.78"
2018-07-03,"2,144.41"
2018-07-04,"2,139.65"
2018-07-05,"2,149.03"
2018-07-06,"2,153.80"
2018-07-10,"2,148.73"
2018-07-11,"2,155.62"
2018-07-12,"2,143.88"
2018-07-13,"2,146.83"
2018-07-16,"2,139.57"
2018-07-17,"2,147.81"
2018-07-18,"2,147.96"
2018-07-19,"2,150.28"
2018-07-20,"2,155.23"
2018-07-23,"2,153.39"
2018-07-24,"2,151.14"
2018-07-25,"2,152.69"
2018-07-26,"2,146.88"
2018-07-27,"2,144.93"
2018-07-30,"2,145.70"
2018-07-31,"2,154.44"
2018-08-01,"2,148.86"
2018-08-02,"2,150.57"
2018-08-03,"2,154.21"
2018-08-06,"2,154.61"
2018-08-07,"2,152.16"
2018-08-08,"2,152.58"
2018-08-09,"2,152.58"
2018-08-10,"2,143.81"
2018-08-13,"2,139.40"
2018-08-14,"2,145.10"
2018-08-15,"2,140.86"
2018-08-16,"2,152.38"
2018-08-17,"2,149.20"
2018-08-20,"2,142.42"
2018-08-21,"2,144.55"
2018-08-22,"2,142.25"
2018-08-23,"2,131.27"
2018-08-24,"2,131.18"
2018-08-27,"2,134.76"
2018-08-28,"2,136.40"
2018-08-29,"2,134.69"
2018-08-30,"2,136.18"
2018-08-31,"2,139.39"
2018-09-03,"2,135.47"
2018-09-04,"2,135.24"
2018-09-05,"2,135.83"
2018-09-06,"2,135.75"
2018-09-10,"2,131.93"
2018-09-11,"2,126.87"
2018-09-12,"2,134.39"
2018-09-13,"2,137.97"
2018-09-14,"2,132.51"
2018-09-17,"2,134.07"
2018-09-18,"2,137.16"
2018-09-19,"2,141.60"
2018-09-20,"2,142.50"
2018-09-21,"2,141.79"
2018-09-24,"2,141.54"
2018-09-25,"2,135.01"
2018-09-26,"2,129.03"
2018-09-27,"2,128.82"
2018-09-28,"2,134.80"
2018-10-01,"2,128.38"
2018-10-02,"2,133.45"
2018-10-03,"2,145.82"
2018-10-04,"2,141.89"
2018-10-05,"2,153.10"
2018-10-08,"2,159.50"
2018-10-09,"2,172.49"
2018-10-10,"2,174.20"
2018-10-11,"2,176.07"
2018-10-15,"2,188.25"
2018-10-16,"2,187.12"
2018-10-17,"2,189.13"
2018-10-18,"2,188.42"
2018-10-19,"2,192.19"
2018-10-22,"2,200.88"
2018-10-23,"2,206.57"
2018-10-24,"2,207.33"
2018-10-25,"2,213.85"
2018-10-26,"2,220.24"
2018-10-29,"2,223.37"
2018-10-30,"2,233.99"
2018-10-31,"2,242.44"
2018-11-01,"2,250.62"
2018-11-05,"2,251.56"
2018-11-06,"2,249.32"
2018-11-07,"2,253.28"
2018-11-08,"2,253.85"
2018-11-09,"2,260.27"
2018-11-12,"2,262.10"
2018-11-13,"2,259.91"
2018-11-14,"2,272.16"
2018-11-16,"2,277.63"
2018-11-19,"2,283.02"
2018-11-21,"2,279.64"
2018-11-22,"2,283.02"
2018-11-23,"2,283.67"
2018-11-26,"2,288.07"
2018-11-27,"2,287.26"
2018-11-28,"2,290.53"
2018-11-29,"2,300.05"
2018-11-30,"2,300.47"
2018-12-03,"2,302.09"
2018-12-04,"2,293.69"
2018-12-05,"2,294.95"
2018-12-06,"2,294.60"
2018-12-07,"2,296.02"
2018-12-10,"2,295.93"
2018-12-11,"2,298.55"
2018-12-12,"2,293.65"
2018-12-13,"2,299.14"
2018-12-14,"2,305.38"
2018-12-17,"2,305.48"
2018-12-18,"2,310.13"
2018-12-19,"2,310.03"
2018-12-20,"2,311.47"
2018-12-21,"2,330.07"
2018-12-26,"2,332.13"
2018-12-27,"2,344.93"
2018-12-28,"2,351.59"
2019-01-02,"2,367.75"
2019-01-03,"2,379.18"
2019-01-04,"2,385.09"
2019-01-07,"2,389.29"
2019-01-08,"2,390.14"
2019-01-09,"2,392.56"
2019-01-10,"2,387.97"
2019-01-11,"2,388.43"
2019-01-14,"2,388.02"
2019-01-15,"2,386.34"
2019-01-16,"2,390.76"
2019-01-17,"2,390.51"
2019-01-18,"2,398.21"
2019-01-21,"2,396.41"
2019-01-22,"2,395.49"
2019-01-23,"2,390.37"
2019-01-24,"2,387.98"
2019-01-28,"2,380.57"
2019-01-29,"2,392.96"
2019-01-30,"2,398.04"
2019-01-31,"2,409.69"
2019-02-01,"2,407.87"
2019-02-04,"2,405.57"
2019-02-05,"2,404.14"
2019-02-06,"2,398.71"
2019-02-07,"2,400.83"
2019-02-08,"2,402.61"
2019-02-11,"2,405.91"
2019-02-12,"2,403.81"
2019-02-13,"2,403.96"
2019-02-14,"2,404.01"
2019-02-15,"2,406.91"
2019-02-18,"2,413.48"
2019-02-19,"2,413.19"
2019-02-20,"2,418.26"
2019-02-21,"2,409.82"
2019-02-22,"2,413.90"
2019-02-25,"2,403.93"
2019-02-26,"2,409.46"
2019-02-27,"2,420.88"
2019-02-28,"2,434.56"
2019-03-01,"2,444.36"
2019-03-06,"2,451.68"
2019-03-07,"2,457.09"
2019-03-08,"2,460.07"
2019-03-11,"2,463.50"
2019-03-12,"2,464.68"
2019-03-13,"2,464.91"
2019-03-14,"2,471.00"
2019-03-15,"2,482.77"
2019-03-18,"2,485.35"
2019-03-19,"2,480.17"
2019-03-20,"2,483.05"
2019-03-21,"2,481.88"
2019-03-22,"2,471.35"
2019-03-25,"2,473.97"
2019-03-26,"2,480.79"
2019-03-27,"2,474.00"
2019-03-28,"2,476.54"
2019-03-29,"2,482.92"
2019-04-01,"2,481.83"
2019-04-02,"2,482.52"
2019-04-03,"2,486.18"
2019-04-04,"2,485.93"
2019-04-05,"2,484.62"
2019-04-08,"2,480.40"
2019-04-09,"2,481.74"
2019-04-10,"2,481.79"
2019-04-11,"2,486.53"
2019-04-12,"2,483.05"
2019-04-15,"2,487.86"
2019-04-16,"2,483.87"
2019-04-17,"2,486.97"
2019-04-18,"2,492.38"
2019-04-22,"2,491.70"
2019-04-23,"2,493.87"
2019-04-24,"2,492.85"
2019-04-25,"2,491.30"
2019-04-26,"2,498.02"
2019-04-29,"2,498.43"
2019-04-30,"2,508.45"
2019-05-02,"2,503.68"
2019-05-03,"2,505.47"
2019-05-06,"2,496.26"
2019-05-07,"2,496.06"
2019-05-08,"2,496.46"
2019-05-09,"2,493.30"
2019-05-10,"2,491.99"
2019-05-13,"2,484.23"
2019-05-14,"2,488.87"
2019-05-15,"2,491.04"
2019-05-16,"2,496.88"
2019-05-17,"2,497.36"
2019-05-20,"2,497.66"
2019-05-21,"2,503.36"
2019-05-22,"2,509.97"
2019-05-23,"2,510.46"
2019-05-24,"2,517.57"
2019-05-27,"2,519.20"
2019-05-28,"2,522.48"
2019-05-29,"2,528.64"
2019-05-30,"2,543.76"
2019-05-31,"2,552.69"
2019-06-03,"2,557.00"
2019-06-04,"2,557.30"
2019-06-05,"2,558.86"
2019-06-06,"2,560.60"
2019-06-07,"2,567.99"
2019-06-10,"2,565.06"
2019-06-11,"2,560.29"
2019-06-12,"2,559.73"
2019-06-13,"2,559.06"
2019-06-14,"2,561.24"
2019-06-17,"2,563.84"
2019-06-18,"2,573.35"
2019-06-19,"2,580.49"
2019-06-21,"2,592.55"
2019-06-24,"2,598.10"
2019-06-25,"2,598.14"
2019-06-26,"2,604.72"
2019-06-27,"2,609.38"
2019-06-28,"2,626.10"
2019-07-01,"2,628.59"
2019-07-02,"2,630.89"
2019-07-03,"2,639.02"
2019-07-04,"2,634.87"
2019-07-05,"2,641.22"
2019-07-08,"2,637.88"
2019-07-10,"2,628.66"
2019-07-11,"2,625.40"
2019-07-12,"2,624.18"
2019-07-15,"2,620.09"
2019-07-16,"2,623.53"
2019-07-17,"2,628.50"
2019-07-18,"2,628.92"
2019-07-19,"2,624.71"
2019-07-22,"2,621.86"
2019-07-23,"2,626.85"
2019-07-24,"2,628.58"
2019-07-25,"2,625.78"
2019-07-26,"2,633.75"
2019-07-29,"2,644.17"
2019-07-30,"2,650.15"
2019-07-31,"2,659.55"
2019-08-01,"2,653.18"
2019-08-02,"2,661.50"
2019-08-05,"2,647.27"
2019-08-06,"2,649.55"
2019-08-07,"2,653.35"
2019-08-08,"2,650.85"
2019-08-09,"2,638.89"
2019-08-12,"2,629.19"
2019-08-13,"2,635.88"
2019-08-14,"2,629.32"
2019-08-15,"2,627.05"
2019-08-16,"2,637.13"
2019-08-19,"2,633.37"
2019-08-20,"2,623.98"
2019-08-21,"2,625.50"
2019-08-22,"2,626.34"
2019-08-23,"2,627.45"
2019-08-26,"2,621.43"
2019-08-27,"2,624.23"
2019-08-28,"2,632.17"
2019-08-29,"2,639.44"
2019-08-30,"2,656.69"
2019-09-02,"2,656.72"
2019-09-03,"2,657.43"
2019-09-04,"2,662.14"
2019-09-05,"2,660.31"
2019-09-06,"2,659.71"
2019-09-09,"2,658.09"
2019-09-10,"2,657.64"
2019-09-11,"2,652.17"
2019-09-12,"2,655.65"
2019-09-13,"2,658.16"
2019-09-16,"2,655.74"
2019-09-17,"2,658.98"
2019-09-18,"2,659.00"
2019-09-19,"2,664.49"
2019-09-20,"2,667.64"
2019-09-23,"2,666.58"
2019-09-24,"2,667.86"
2019-09-25,"2,672.36"
2019-09-26,"2,669.54"
2019-09-27,"2,677.78"
2019-09-30,"2,684.26"
2019-10-01,"2,677.01"
2019-10-02,"2,676.91"
2019-10-03,"2,676.04"
2019-10-04,"2,682.49"
2019-10-07,"2,681.53"
2019-10-08,"2,682.96"
2019-10-09,"2,684.61"
2019-10-10,"2,689.04"
2019-10-11,"2,696.63"
2019-10-14,"2,697.47"
2019-10-15,"2,706.09"
2019-10-16,"2,715.72"
2019-10-17,"2,717.31"
2019-10-18,"2,726.26"
2019-10-21,"2,741.27"
2019-10-22,"2,747.45"
2019-10-23,"2,755.39"
2019-10-24,"2,758.91"
2019-10-25,"2,766.40"
2019-10-28,"2,769.04"
2019-10-29,"2,769.70"
2019-10-30,"2,778.21"
2019-10-31,"2,791.98"
2019-11-01,"2,795.75"
2019-11-04,"2,804.89"
2019-11-05,"2,802.38"
2019-11-06,"2,813.64"
2019-11-07,"2,826.51"
2019-11-08,"2,833.05"
2019-11-11,"2,828.66"
2019-11-12,"2,827.77"
2019-11-13,"2,824.79"
2019-11-14,"2,829.72"
2019-11-18,"2,838.35"
2019-11-19,"2,852.15"
2019-11-21,"2,859.15"
2019-11-22,"2,872.09"
2019-11-25,"2,872.55"
2019-11-26,"2,876.59"
2019-11-27,"2,877.26"
2019-11-28,"2,884.48"
2019-11-29,"2,890.26"
2019-12-02,"2,891.75"
2019-12-03,"2,907.52"
2019-12-04,"2,916.28"
2019-12-05,"2,919.17"
2019-12-06,"2,931.27"
2019-12-09,"2,934.71"
2019-12-10,"2,945.86"
2019-12-11,"2,958.78"
2019-12-12,"2,971.83"
2019-12-13,"2,981.04"
2019-12-16,"2,989.96"
2019-12-17,"2,996.62"
2019-12-18,"3,011.59"
2019-12-19,"3,026.27"
2019-12-20,"3,051.80"
2019-12-23,"3,085.82"
2019-12-26,"3,134.80"
2019-12-27,"3,169.30"
2019-12-30,"3,197.58"
2020-01-02,"3,225.15"
2020-01-03,"3,253.76"
2020-01-06,"3,249.50"
2020-01-07,"3,239.81"
2020-01-08,"3,183.95"
2020-01-09,"3,167.49"
2020-01-10,"3,174.95"
2020-01-13,"3,179.40"
2020-01-14,"3,182.53"
2020-01-15,"3,175.20"
2020-01-16,"3,162.30"
2020-01-17,"3,151.07"
2020-01-20,"3,139.22"
2020-01-21,"3,126.08"
2020-01-22,"3,120.40"
2020-01-23,"3,121.21"
2020-01-24,"3,119.91"
2020-01-27,"3,092.23"
2020-01-28,"3,100.09"
2020-01-29,"3,087.90"
2020-01-30,"3,076.05"
2020-01-31,"3,077.28"
2020-02-03,"3,056.00"
2020-02-04,"3,058.55"
2020-02-05,"3,048.45"
2020-02-06,"3,042.87"
2020-02-07,"3,028.28"
2020-02-10,"3,004.57"
2020-02-11,"3,020.31"
2020-02-12,"3,034.20"
2020-02-13,"3,039.60"
2020-02-14,"3,048.93"
2020-02-17,"3,046.95"
2020-02-18,"3,025.36"
2020-02-19,"3,012.92"
2020-02-20,"3,013.12"
2020-02-21,"3,017.57"
2020-02-26,"2,972.68"
2020-02-27,"2,972.46"
2020-02-28,"2,963.81"
2020-03-02,"2,985.33"
2020-03-03,"2,999.09"
2020-03-04,"3,002.80"
2020-03-05,"2,993.95"
2020-03-06,"2,966.33"
2020-03-09,"2,861.03"
2020-03-10,"2,901.68"
2020-03-11,"2,848.51"
2020-03-12,"2,661.41"
2020-03-13,"2,701.07"
2020-03-16,"2,575.81"
2020-03-17,"2,520.90"
2020-03-18,"2,187.38"
2020-03-19,"2,207.27"
2020-03-20,"2,276.60"
2020-03-23,"2,169.26"
2020-03-24,"2,230.21"
2020-03-25,"2,360.05"
2020-03-26,"2,443.24"
2020-03-27,"2,468.85"
2020-03-30,"2,477.30"
2020-03-31,"2,494.10"
2020-04-01,"2,464.29"
2020-04-02,"2,445.74"
2020-04-03,"2,417.74"
2020-04-06,"2,438.11"
2020-04-07,"2,483.42"
2020-04-08,"2,503.81"
2020-04-09,"2,520.21"
2020-04-13,"2,527.66"
2020-04-14,"2,549.17"
2020-04-15,"2,544.44"
2020-04-16,"2,550.18"
2020-04-17,"2,559.48"
2020-04-20,"2,555.55"
2020-04-22,"2,573.06"
2020-04-23,"2,592.54"
2020-04-24,"2,528.53"
2020-04-27,"2,556.91"
2020-04-28,"2,572.87"
2020-04-29,"2,593.26"
2020-04-30,"2,603.62"
2020-05-04,"2,582.49"
2020-05-05,"2,587.55"
2020-05-06,"2,586.36"
2020-05-07,"2,579.97"
2020-05-08,"2,582.78"
2020-05-11,"2,588.09"
2020-05-12,"2,581.18"
2020-05-13,"2,558.59"
2020-05-14,"2,548.03"
2020-05-15,"2,563.30"
2020-05-18,"2,563.83"
2020-05-19,"2,567.31"
2020-05-20,"2,569.90"
2020-05-21,"2,575.66"
2020-05-22,"2,588.10"
2020-05-25,"2,604.32"
2020-05-26,"2,615.54"
2020-05-27,"2,627.96"
2020-05-28,"2,640.32"
2020-05-29,"2,657.68"
2020-06-01,"2,676.23"
2020-06-02,"2,704.72"
2020-06-03,"2,730.43"
2020-06-04,"2,744.80"
2020-06-05,"2,772.83"
2020-06-08,"2,793.52"
2020-06-09,"2,792.45"
2020-06-10,"2,799.38"
2020-06-12,"2,782.02"
2020-06-15,"2,777.82"
2020-06-16,"2,783.49"
2020-06-17,"2,789.07"
2020-06-18,"2,794.67"
2020-06-19,"2,804.01"
2020-06-22,"2,792.42"
2020-06-23,"2,793.51"
2020-06-24,"2,786.72"
2020-06-25,"2,793.05"
2020-06-26,"2,790.38"
2020-06-29,"2,787.24"
2020-06-30,"2,806.28"
2020-07-01,"2,816.04"
2020-07-02,"2,813.15"
2020-07-03,"2,813.16"
2020-07-06,"2,802.41"
2020-07-07,"2,798.33"
2020-07-08,"2,779.58"
2020-07-09,"2,766.10"
2020-07-10,"2,766.91"
2020-07-13,"2,751.18"
2020-07-14,"2,742.70"
2020-07-15,"2,746.23"
2020-07-16,"2,743.44"
2020-07-17,"2,741.64"
2020-07-20,"2,724.51"
2020-07-21,"2,732.19"
2020-07-22,"2,735.69"
2020-07-23,"2,732.84"
2020-07-24,"2,730.92"
2020-07-27,"2,722.77"
2020-07-28,"2,722.71"
2020-07-29,"2,723.24"
2020-07-30,"2,733.65"
2020-07-31,"2,733.12"
2020-08-03,"2,714.27"
2020-08-04,"2,714.29"
2020-08-05,"2,720.52"
2020-08-06,"2,712.45"
2020-08-07,"2,732.44"
2020-08-10,"2,745.67"
2020-08-11,"2,745.38"
2020-08-12,"2,740.77"
2020-08-13,"2,747.56"
2020-08-14,"2,755.67"
2020-08-17,"2,748.60"
2020-08-18,"2,755.25"
2020-08-19,"2,758.46"
2020-08-20,"2,760.78"
2020-08-21,"2,770.66"
2020-08-24,"2,780.18"
2020-08-25,"2,777.40"
2020-08-26,"2,776.67"
2020-08-27,"2,777.87"
2020-08-28,"2,781.84"
2020-08-31,"2,782.10"
2020-09-01,"2,774.66"
2020-09-02,"2,782.69"
2020-09-03,"2,779.62"
2020-09-04,"2,789.02"
2020-09-08,"2,786.82"
2020-09-09,"2,788.53"
2020-09-10,"2,793.01"
2020-09-11,"2,791.80"
2020-09-14,"2,792.76"
2020-09-15,"2,802.19"
2020-09-16,"2,802.76"
2020-09-17,"2,800.04"
2020-09-18,"2,797.82"
2020-09-21,"2,787.27"
2020-09-22,"2,788.81"
2020-09-23,"2,790.19"
2020-09-24,"2,789.57"
2020-09-25,"2,788.11"
2020-09-28,"2,782.18"
2020-09-29,"2,784.20"
2020-09-30,"2,794.88"
2020-10-01,"2,789.15"
2020-10-02,"2,794.91"
2020-10-05,"2,788.64"
2020-10-06,"2,795.05"
2020-10-07,"2,799.27"
2020-10-08,"2,804.78"
2020-10-09,"2,807.77"
2020-10-13,"2,808.27"
2020-10-14,"2,809.74"
2020-10-15,"2,812.68"
2020-10-16,"2,816.83"
2020-10-19,"2,818.10"
2020-10-20,"2,823.75"
2020-10-21,"2,828.75"
2020-10-22,"2,826.99"
2020-10-23,"2,820.44"
2020-10-26,"2,809.86"
2020-10-27,"2,803.01"
2020-10-28,"2,772.92"
2020-10-29,"2,774.58"
2020-10-30,"2,766.76"
2020-11-03,"2,766.55"
2020-11-04,"2,772.49"
2020-11-05,"2,785.99"
2020-11-06,"2,795.03"
2020-11-09,"2,802.95"
2020-11-10,"2,807.15"
2020-11-11,"2,806.66"
2020-11-12,"2,801.26"
2020-11-13,"2,803.40"
2020-11-16,"2,802.89"
2020-11-17,"2,802.81"
2020-11-18,"2,800.89"
2020-11-19,"2,794.79"
2020-11-20,"2,796.04"
2020-11-23,"2,796.93"
2020-11-24,"2,796.51"
2020-11-25,"2,799.50"
2020-11-26,"2,800.38"
2020-11-27,"2,811.53"
2020-11-30,"2,808.56"
2020-12-01,"2,803.51"
2020-12-02,"2,797.73"
2020-12-03,"2,800.62"
2020-12-04,"2,794.18"
2020-12-07,"2,783.24"
2020-12-08,"2,780.00"
2020-12-09,"2,770.66"
2020-12-10,"2,767.58"
2020-12-11,"2,768.67"
2020-12-14,"2,761.41"
2020-12-15,"2,767.43"
2020-12-16,"2,770.64"
2020-12-17,"2,775.78"
2020-12-18,"2,794.43"
2020-12-21,"2,794.56"
2020-12-22,"2,807.15"
2020-12-23,"2,828.44"
2020-12-28,"2,834.64"
2020-12-29,"2,855.04"
2020-12-30,"2,870.15"
2021-01-04,"2,867.47"
2021-01-05,"2,867.53"
2021-01-06,"2,869.74"
2021-01-07,"2,863.51"
2021-01-08,"2,867.40"
2021-01-11,"2,863.80"
2021-01-12,"2,855.47"
2021-01-13,"2,851.86"
2021-01-14,"2,854.99"
2021-01-15,"2,857.94"
2021-01-18,"2,860.21"
2021-01-19,"2,866.30"
2021-01-20,"2,870.21"
2021-01-21,"2,870.60"
2021-01-22,"2,862.97"
2021-01-26,"2,861.74"
2021-01-27,"2,861.18"
2021-01-28,"2,872.16"
2021-01-29,"2,879.45"
2021-02-01,"2,874.91"
2021-02-02,"2,880.70"
2021-02-03,"2,881.84"
2021-02-04,"2,883.22"
2021-02-05,"2,894.79"
2021-02-08,"2,892.19"
2021-02-09,"2,892.10"
2021-02-10,"2,892.16"
2021-02-11,"2,893.98"
2021-02-12,"2,897.24"
2021-02-17,"2,895.40"
2021-02-18,"2,890.77"
2021-02-19,"2,893.97"
2021-02-22,"2,874.92"
2021-02-23,"2,890.43"
2021-02-24,"2,892.00"
2021-02-25,"2,893.80"
2021-02-26,"2,886.53"
2021-03-01,"2,877.22"
2021-03-02,"2,858.81"
2021-03-03,"2,848.75"
2021-03-04,"2,847.69"
2021-03-05,"2,852.68"
2021-03-08,"2,845.42"
2021-03-09,"2,842.75"
2021-03-10,"2,833.63"
2021-03-11,"2,837.05"
2021-03-12,"2,838.26"
2021-03-15,"2,830.93"
2021-03-16,"2,822.95"
2021-03-17,"2,817.20"
2021-03-18,"2,808.71"
2021-03-19,"2,819.14"
2021-03-22,"2,815.54"
2021-03-23,"2,813.96"
2021-03-24,"2,814.61"
2021-03-25,"2,813.80"
2021-03-26,"2,817.70"
2021-03-29,"2,818.90"
2021-03-30,"2,831.81"
2021-03-31,"2,846.77"
2021-04-01,"2,850.01"
2021-04-05,"2,847.64"
2021-04-06,"2,843.98"
2021-04-07,"2,843.30"
2021-04-08,"2,842.59"
2021-04-09,"2,849.29"
2021-04-12,"2,845.01"
2021-04-13,"2,843.37"
2021-04-14,"2,840.54"
2021-04-15,"2,843.51"
2021-04-16,"2,847.43"
2021-04-19,"2,840.80"
2021-04-20,"2,841.92"
2021-04-22,"2,839.26"
2021-04-23,"2,844.63"
2021-04-26,"2,844.48"
2021-04-27,"2,845.36"
2021-04-28,"2,842.39"
2021-04-29,"2,849.01"
2021-04-30,"2,861.15"
2021-05-03,"2,862.43"
2021-05-04,"2,856.22"
2021-05-05,"2,855.05"
2021-05-06,"2,855.28"
2021-05-07,"2,856.63"
2021-05-10,"2,846.28"
2021-05-11,"2,839.40"
2021-05-12,"2,831.09"
2021-05-13,"2,827.60"
2021-05-14,"2,826.10"
2021-05-17,"2,811.10"
2021-05-18,"2,808.13"
2021-05-19,"2,801.32"
2021-05-20,"2,806.47"
2021-05-21,"2,804.05"
2021-05-24,"2,802.82"
2021-05-25,"2,799.18"
2021-05-26,"2,788.35"
2021-05-27,"2,792.67"
2021-05-28,"2,811.62"
2021-05-31,"2,816.46"
2021-06-01,"2,811.56"
2021-06-02,"2,821.95"
2021-06-04,"2,827.76"
2021-06-07,"2,827.51"
2021-06-08,"2,829.65"
2021-06-09,"2,831.97"
2021-06-10,"2,831.30"
2021-06-11,"2,828.76"
2021-06-14,"2,821.96"
2021-06-15,"2,819.37"
2021-06-16,"2,815.53"
2021-06-17,"2,812.84"
2021-06-18,"2,813.31"
2021-06-21,"2,811.17"
2021-06-22,"2,797.57"
2021-06-23,"2,780.49"
2021-06-24,"2,781.25"
2021-06-25,"2,725.08"
2021-06-28,"2,705.84"
2021-06-29,"2,746.10"
2021-06-30,"2,754.89"
2021-07-01,"2,754.03"
2021-07-02,"2,760.17"
2021-07-05,"2,755.59"
2021-07-06,"2,761.49"
2021-07-07,"2,762.35"
2021-07-08,"2,762.03"
2021-07-12,"2,797.90"
2021-07-13,"2,823.81"
2021-07-14,"2,830.85"
2021-07-15,"2,838.73"
2021-07-16,"2,841.35"
2021-07-19,"2,836.18"
2021-07-20,"2,839.66"
2021-07-21,"2,837.73"
2021-07-22,"2,834.13"
2021-07-23,"2,828.23"
2021-07-26,"2,825.37"
2021-07-27,"2,817.51"
2021-07-28,"2,816.91"
2021-07-29,"2,818.91"
2021-07-30,"2,824.12"
2021-08-02,"2,812.66"
2021-08-03,"2,800.61"
2021-08-04,"2,792.66"
2021-08-05,"2,781.02"
2021-08-06,"2,778.56"
2021-08-09,"2,769.53"
2021-08-10,"2,755.49"
2021-08-11,"2,739.91"
2021-08-12,"2,722.32"
2021-08-13,"2,741.11"
2021-08-16,"2,725.10"
2021-08-17,"2,708.30"
2021-08-18,"2,703.40"
2021-08-19,"2,690.63"
2021-08-20,"2,705.34"
2021-08-23,"2,719.43"
2021-08-24,"2,720.60"
2021-08-25,"2,720.95"
2021-08-26,"2,723.55"
2021-08-27,"2,731.21"
2021-08-30,"2,741.19"
2021-08-31,"2,749.84"
2021-09-01,"2,750.74"
2021-09-02,"2,745.42"
2021-09-03,"2,733.24"
2021-09-06,"2,732.95"
2021-09-08,"2,715.09"
2021-09-09,"2,720.14"
2021-09-10,"2,727.91"
2021-09-13,"2,727.50"
2021-09-14,"2,728.31"
2021-09-15,"2,730.93"
2021-09-16,"2,727.68"
2021-09-17,"2,729.83"
2021-09-20,"2,700.59"
2021-09-21,"2,699.37"
2021-09-22,"2,702.50"
2021-09-23,"2,705.38"
2021-09-24,"2,709.40"
2021-09-27,"2,711.76"
2021-09-28,"2,700.32"
2021-09-29,"2,700.36"
2021-09-30,"2,715.67"
2021-10-01,"2,714.62"
2021-10-04,"2,707.39"
2021-10-05,"2,707.94"
2021-10-06,"2,711.00"
2021-10-07,"2,710.86"
2021-10-08,"2,716.47"
2021-10-11,"2,727.06"
2021-10-13,"2,727.86"
2021-10-14,"2,732.67"
2021-10-15,"2,743.93"
2021-10-18,"2,747.55"
2021-10-19,"2,740.06"
2021-10-20,"2,738.39"
2021-10-21,"2,724.94"
2021-10-22,"2,712.38"
2021-10-25,"2,708.00"
2021-10-26,"2,693.64"
2021-10-27,"2,680.78"
2021-10-28,"2,673.93"
2021-10-29,"2,675.68"
2021-11-01,"2,673.23"
2021-11-03,"2,664.97"
2021-11-04,"2,655.40"
2021-11-05,"2,654.89"
2021-11-08,"2,640.44"
2021-11-09,"2,627.19"
2021-11-10,"2,627.20"
2021-11-11,"2,621.88"
2021-11-12,"2,617.76"
2021-11-16,"2,612.67"
2021-11-17,"2,603.62"
2021-11-18,"2,591.02"
2021-11-19,"2,594.13"
2021-11-22,"2,581.43"
2021-11-23,"2,563.61"
2021-11-24,"2,546.87"
2021-11-25,"2,545.98"
2021-11-26,"2,541.52"
2021-11-29,"2,563.76"
2021-11-30,"2,578.40"
2021-12-01,"2,581.29"
2021-12-02,"2,582.87"
2021-12-03,"2,610.67"
2021-12-06,"2,643.10"
2021-12-07,"2,660.89"
2021-12-08,"2,673.21"
2021-12-09,"2,669.06"
2021-12-10,"2,673.94"
2021-12-13,"2,673.92"
2021-12-14,"2,668.73"
2021-12-15,"2,676.14"
2021-12-16,"2,681.35"
2021-12-17,"2,694.73"
2021-12-20,"2,695.05"
2021-12-21,"2,703.24"
2021-12-22,"2,706.64"
2021-12-23,"2,724.60"
2021-12-27,"2,743.68"
2021-12-28,"2,768.02"
2021-12-29,"2,789.32"
2021-12-30,"2,804.79"
2022-01-03,"2,789.14"
2022-01-04,"2,787.26"
2022-01-05,"2,760.14"
2022-01-06,"2,757.29"
2022-01-07,"2,759.57"
2022-01-10,"2,752.14"
2022-01-11,"2,754.41"
2022-01-12,"2,764.28"
2022-01-13,"2,764.60"
2022-01-14,"2,782.90"
2022-01-17,"2,795.85"
2022-01-18,"2,802.02"
2022-01-19,"2,807.06"
2022-01-20,"2,804.56"
2022-01-21,"2,810.25"
2022-01-24,"2,799.78"
2022-01-25,"2,792.61"
2022-01-26,"2,772.94"
2022-01-27,"2,767.02"
2022-01-28,"2,769.90"
2022-01-31,"2,776.92"
2022-02-01,"2,776.61"
2022-02-02,"2,771.01"
2022-02-03,"2,767.59"
2022-02-04,"2,771.91"
2022-02-07,"2,765.64"
2022-02-08,"2,762.57"
2022-02-09,"2,763.76"
2022-02-10,"2,761.03"
2022-02-11,"2,762.70"
2022-02-14,"2,753.16"
2022-02-15,"2,750.97"
2022-02-16,"2,747.53"
2022-02-17,"2,746.55"
2022-02-18,"2,751.56"
2022-02-21,"2,741.59"
2022-02-22,"2,733.35"
2022-02-23,"2,729.33"
2022-02-24,"2,709.75"
2022-02-25,"2,741.15"
2022-03-02,"2,736.58"
2022-03-03,"2,742.02"
2022-03-04,"2,741.72"
2022-03-07,"2,730.86"
2022-03-08,"2,725.71"
2022-03-09,"2,724.80"
2022-03-10,"2,724.42"
2022-03-11,"2,719.78"
2022-03-14,"2,704.57"
2022-03-15,"2,707.76"
2022-03-16,"2,710.31"
2022-03-17,"2,708.51"
2022-03-18,"2,719.17"
2022-03-21,"2,720.15"
2022-03-22,"2,730.52"
2022-03-23,"2,734.59"
2022-03-24,"2,732.68"
2022-03-25,"2,748.27"
2022-03-28,"2,748.26"
2022-03-29,"2,762.05"
2022-03-30,"2,772.17"
2022-03-31,"2,779.97"
2022-04-01,"2,798.71"
2022-04-04,"2,807.19"
2022-04-05,"2,805.60"
2022-04-06,"2,803.89"
2022-04-07,"2,805.35"
2022-04-08,"2,808.83"
2022-04-11,"2,807.58"
2022-04-12,"2,808.97"
2022-04-13,"2,803.59"
2022-04-14,"2,808.60"
2022-04-18,"2,801.91"
2022-04-19,"2,805.38"
2022-04-20,"2,808.21"
2022-04-22,"2,810.29"
2022-04-25,"2,805.31"
2022-04-26,"2,801.99"
2022-04-27,"2,801.20"
2022-04-28,"2,804.83"
2022-04-29,"2,813.06"
2022-05-02,"2,798.16"
2022-05-03,"2,794.89"
2022-05-04,"2,787.91"
2022-05-05,"2,782.46"
2022-05-06,"2,779.36"
2022-05-09,"2,769.80"
2022-05-10,"2,768.12"
2022-05-11,"2,763.86"
2022-05-12,"2,755.79"
2022-05-13,"2,771.87"
2022-05-16,"2,768.63"
2022-05-17,"2,776.62"
2022-05-18,"2,777.46"
2022-05-19,"2,779.16"
2022-05-20,"2,784.57"
2022-05-23,"2,789.37"
2022-05-24,"2,791.10"
2022-05-25,"2,793.18"
2022-05-26,"2,795.69"
2022-05-27,"2,806.52"
2022-05-30,"2,812.62"
2022-05-31,"2,820.45"
2022-06-01,"2,823.08"
2022-06-02,"2,826.25"
2022-06-03,"2,830.26"
2022-06-06,"2,829.29"
2022-06-07,"2,824.87"
2022-06-08,"2,822.80"
2022-06-09,"2,817.79"
2022-06-10,"2,813.64"
2022-06-13,"2,802.54"
2022-06-14,"2,801.27"
2022-06-15,"2,804.38"
2022-06-17,"2,802.02"
2022-06-20,"2,811.25"
2022-06-21,"2,813.08"
2022-06-22,"2,808.42"
2022-06-23,"2,802.66"
2022-06-24,"2,802.37"
2022-06-27,"2,800.55"
2022-06-28,"2,793.71"
2022-06-29,"2,792.39"
2022-06-30,"2,795.62"
2022-07-01,"2,792.12"
2022-07-04,"2,793.40"
2022-07-05,"2,783.80"
2022-07-06,"2,788.63"
2022-07-07,"2,792.59"
2022-07-08,"2,792.01"
2022-07-11,"2,786.81"
2022-07-12,"2,780.30"
2022-07-13,"2,773.14"
2022-07-14,"2,775.88"
2022-07-15,"2,778.14"
2022-07-18,"2,779.77"
2022-07-19,"2,784.13"
2022-07-20,"2,789.52"
2022-07-21,"2,791.03"
2022-07-22,"2,793.34"
2022-07-25,"2,792.96"
2022-07-26,"2,794.00"
2022-07-27,"2,794.62"
2022-07-28,"2,801.68"
2022-07-29,"2,814.10"
2022-08-01,"2,803.32"
2022-08-02,"2,808.65"
2022-08-03,"2,806.25"
2022-08-04,"2,811.20"
2022-08-05,"2,817.42"
2022-08-08,"2,821.16"
2022-08-09,"2,825.74"
2022-08-10,"2,832.94"
2022-08-11,"2,851.58"
2022-08-12,"2,870.95"
2022-08-15,"2,902.06"
2022-08-16,"2,908.29"
2022-08-17,"2,916.99"
2022-08-18,"2,920.92"
2022-08-19,"2,923.16"
2022-08-22,"2,929.78"
2022-08-23,"2,931.46"
2022-08-24,"2,929.11"
2022-08-25,"2,933.26"
2022-08-26,"2,940.71"
2022-08-29,"2,952.45"
2022-08-30,"2,957.24"
2022-08-31,"2,976.23"
2022-09-01,"2,968.97"
2022-09-02,"2,975.51"
2022-09-05,"2,980.81"
2022-09-06,"2,977.07"
2022-09-08,"2,974.43"
2022-09-09,"2,980.06"
2022-09-12,"2,973.68"
2022-09-13,"2,973.51"
2022-09-14,"2,968.92"
2022-09-15,"2,971.49"
2022-09-16,"2,984.44"
2022-09-19,"2,983.78"
2022-09-20,"2,987.89"
2022-09-21,"2,989.12"
2022-09-22,"2,994.65"
2022-09-23,"2,990.30"
2022-09-26,"2,984.31"
2022-09-27,"2,979.49"
2022-09-28,"2,975.15"
2022-09-29,"2,972.49"
2022-09-30,"2,990.80"
2022-10-03,"2,982.90"
2022-10-04,"2,985.08"
2022-10-05,"2,986.50"
2022-10-06,"2,995.60"
2022-10-07,"3,002.83"
2022-10-10,"2,998.46"
2022-10-11,"2,999.96"
2022-10-13,"2,992.58"
2022-10-14,"2,991.66"
2022-10-17,"2,982.34"
2022-10-18,"2,987.10"
2022-10-19,"2,986.43"
2022-10-20,"2,992.35"
2022-10-21,"2,999.05"
2022-10-24,"2,993.16"
2022-10-25,"2,993.37"
2022-10-26,"2,991.00"
2022-10-27,"2,992.35"
2022-10-28,"2,993.69"
2022-10-31,"2,991.45"
2022-11-01,"2,989.15"
2022-11-03,"2,988.75"
2022-11-04,"2,993.06"
2022-11-07,"2,987.19"
2022-11-08,"2,983.37"
2022-11-09,"2,969.14"
2022-11-10,"2,941.54"
2022-11-11,"2,934.71"
2022-11-14,"2,931.19"
2022-11-16,"2,914.40"
2022-11-17,"2,864.01"
2022-11-18,"2,878.28"
2022-11-21,"2,867.85"
2022-11-22,"2,866.50"
2022-11-23,"2,858.85"
2022-11-24,"2,858.55"
2022-11-25,"2,852.69"
2022-11-28,"2,850.52"
2022-11-29,"2,851.29"
2022-11-30,"2,867.21"
2022-12-01,"2,877.88"
2022-12-02,"2,893.69"
2022-12-05,"2,889.07"
2022-12-06,"2,881.58"
2022-12-07,"2,876.21"
2022-12-08,"2,862.98"
2022-12-09,"2,866.28"
2022-12-12,"2,846.77"
2022-12-13,"2,827.17"
2022-12-14,"2,801.87"
2022-12-15,"2,786.08"
2022-12-16,"2,780.48"
2022-12-19,"2,762.37"
2022-12-20,"2,779.54"
2022-12-21,"2,799.72"
2022-12-22,"2,801.14"
2022-12-23,"2,820.03"
2022-12-26,"2,826.99"
2022-12-27,"2,834.46"
2022-12-28,"2,850.52"
2022-12-29,"2,867.13"
2023-01-02,"2,861.10"
2023-01-03,"2,855.21"
2023-01-04,"2,846.90"
2023-01-05,"2,855.86"
2023-01-06,"2,850.98"
2023-01-09,"2,845.35"
2023-01-10,"2,845.39"
2023-01-11,"2,839.07"
2023-01-12,"2,833.33"
2023-01-13,"2,838.74"
2023-01-16,"2,840.79"
2023-01-17,"2,838.03"
2023-01-18,"2,838.73"
2023-01-19,"2,824.92"
2023-01-20,"2,826.67"
2023-01-23,"2,815.86"
2023-01-24,"2,811.90"
2023-01-25,"2,816.54"
2023-01-26,"2,809.44"
2023-01-27,"2,809.46"
2023-01-30,"2,807.88"
2023-01-31,"2,821.14"
2023-02-01,"2,807.02"
2023-02-02,"2,814.15"
2023-02-03,"2,815.69"
2023-02-06,"2,811.12"
2023-02-07,"2,804.81"
2023-02-08,"2,798.31"
2023-02-09,"2,791.44"
2023-02-10,"2,785.52"
2023-02-13,"2,774.40"
2023-02-14,"2,778.70"
2023-02-15,"2,782.91"
2023-02-16,"2,780.71"
2023-02-17,"2,797.40"
2023-02-22,"2,797.85"
2023-02-23,"2,793.49"
2023-02-24,"2,803.11"
2023-02-27,"2,808.07"
2023-02-28,"2,808.39"
2023-03-01,"2,808.70"
2023-03-02,"2,810.98"
2023-03-03,"2,821.35"
2023-03-06,"2,811.73"
2023-03-07,"2,809.10"
2023-03-08,"2,798.40"
2023-03-09,"2,791.81"
2023-03-10,"2,788.51"
2023-03-13,"2,772.75"
2023-03-14,"2,774.85"
2023-03-15,"2,778.06"
2023-03-16,"2,777.15"
2023-03-17,"2,776.03"
2023-03-20,"2,768.22"
2023-03-21,"2,769.48"
2023-03-22,"2,768.43"
2023-03-23,"2,760.67"
2023-03-24,"2,770.26"
2023-03-27,"2,767.27"
2023-03-28,"2,763.77"
2023-03-29,"2,744.39"
2023-03-30,"2,736.12"
2023-03-31,"2,760.96"
2023-04-03,"2,753.11"
2023-04-04,"2,761.00"
2023-04-05,"2,760.26"
2023-04-06,"2,760.38"
2023-04-10,"2,760.71"
2023-04-11,"2,765.29"
2023-04-12,"2,769.99"
2023-04-13,"2,769.70"
2023-04-14,"2,781.47"
2023-04-17,"2,797.18"
2023-04-18,"2,809.34"
2023-04-19,"2,809.01"
2023-04-20,"2,813.94"
2023-04-24,"2,816.23"
2023-04-25,"2,814.98"
2023-04-26,"2,817.21"
2023-04-27,"2,827.24"
2023-04-28,"2,858.23"
