Date,CDI
2013-05-31,0.029514
2013-06-03,0.059028
2013-06-04,0.088542
2013-06-05,0.118056
2013-06-06,0.14756999999999998
2013-06-07,0.17708399999999996
2013-06-10,0.20659799999999995
2013-06-11,0.23611199999999993
2013-06-12,0.2656259999999999
2013-06-13,0.2951399999999999
2013-06-14,0.3246539999999999
2013-06-17,0.35416799999999987
2013-06-18,0.38368199999999986
2013-06-19,0.41319599999999984
2013-06-20,0.4427099999999998
2013-06-21,0.4722239999999998
2013-06-24,0.5017379999999998
2013-06-25,0.5312519999999998
2013-06-26,0.5607659999999999
2013-06-27,0.5902799999999999
2013-06-28,0.619794
2013-07-01,0.649308
2013-07-02,0.678822
2013-07-03,0.7083360000000001
2013-07-04,0.7378500000000001
2013-07-05,0.7673640000000002
2013-07-08,0.7968780000000002
2013-07-09,0.8263920000000002
2013-07-10,0.8559060000000003
2013-07-11,0.8872590000000002
2013-07-12,0.9186120000000002
2013-07-15,0.9499650000000002
2013-07-16,0.9813180000000001
2013-07-17,1.012671
2013-07-18,1.044024
2013-07-19,1.075377
2013-07-22,1.10673
2013-07-23,1.138083
2013-07-24,1.169436
2013-07-25,1.2007889999999999
2013-07-26,1.2321419999999998
2013-07-29,1.2634949999999998
2013-07-30,1.2948479999999998
2013-07-31,1.3262009999999997
2013-08-01,1.3575899999999996
2013-08-02,1.3889789999999995
2013-08-05,1.4203319999999995
2013-08-06,1.4516849999999994
2013-08-07,1.4830379999999994
2013-08-08,1.5143909999999994
2013-08-09,1.5457439999999993
2013-08-12,1.5770969999999993
2013-08-13,1.6084499999999993
2013-08-14,1.6398029999999992
2013-08-15,1.6711559999999992
2013-08-16,1.7025089999999992
2013-08-19,1.7338619999999991
2013-08-20,1.765214999999999
2013-08-21,1.796567999999999
2013-08-22,1.827920999999999
2013-08-23,1.859273999999999
2013-08-26,1.890626999999999
2013-08-27,1.921979999999999
2013-08-28,1.9533329999999989
2013-08-29,1.986514999999999
2013-08-30,2.019696999999999
2013-09-02,2.052878999999999
2013-09-03,2.086060999999999
2013-09-04,2.119242999999999
2013-09-05,2.152424999999999
2013-09-06,2.185606999999999
2013-09-09,2.2187889999999992
2013-09-10,2.2519709999999993
2013-09-11,2.2851529999999993
2013-09-12,2.3183349999999994
2013-09-13,2.3515169999999994
2013-09-16,2.3846989999999995
2013-09-17,2.4178809999999995
2013-09-18,2.4510629999999995
2013-09-19,2.4842089999999994
2013-09-20,2.5173179999999995
2013-09-23,2.5504269999999996
2013-09-24,2.5835359999999996
2013-09-25,2.6170469999999995
2013-09-26,2.6502289999999995
2013-09-27,2.6833749999999994
2013-09-30,2.7165209999999993
2013-10-01,2.749666999999999
2013-10-02,2.7827759999999993
2013-10-03,2.8158849999999993
2013-10-04,2.849468999999999
2013-10-07,2.882979999999999
2013-10-08,2.916490999999999
2013-10-09,2.9501479999999987
2013-10-10,2.985659999999999
2013-10-11,3.021026999999999
2013-10-14,3.056502999999999
2013-10-15,3.091978999999999
2013-10-16,3.127454999999999
2013-10-17,3.162930999999999
2013-10-18,3.198297999999999
2013-10-21,3.233773999999999
2013-10-22,3.269249999999999
2013-10-23,3.304616999999999
2013-10-24,3.339983999999999
2013-10-25,3.375350999999999
2013-10-28,3.410717999999999
2013-10-29,3.4460849999999987
2013-10-30,3.4814519999999987
2013-10-31,3.5168189999999986
2013-11-01,3.5521859999999985
2013-11-04,3.5874079999999986
2013-11-05,3.6226299999999987
2013-11-06,3.6578519999999988
2013-11-07,3.693073999999999
2013-11-08,3.728295999999999
2013-11-11,3.763517999999999
2013-11-12,3.798739999999999
2013-11-13,3.833961999999999
2013-11-14,3.8691839999999993
2013-11-18,3.9044059999999994
2013-11-19,3.9396279999999995
2013-11-20,3.9748499999999996
2013-11-21,4.010071999999999
2013-11-22,4.045293999999999
2013-11-25,4.080515999999999
2013-11-26,4.1157379999999995
2013-11-27,4.1509599999999995
2013-11-28,4.187957999999999
2013-11-29,4.224955999999999
2013-12-02,4.2619539999999985
2013-12-03,4.298951999999998
2013-12-04,4.335949999999998
2013-12-05,4.372947999999997
2013-12-06,4.409909999999997
2013-12-09,4.447196999999997
2013-12-10,4.484194999999997
2013-12-11,4.521192999999997
2013-12-12,4.558190999999996
2013-12-13,4.595188999999996
2013-12-16,4.632475999999996
2013-12-17,4.669473999999996
2013-12-18,4.706471999999995
2013-12-19,4.743469999999995
2013-12-20,4.780467999999995
2013-12-23,4.817465999999994
2013-12-24,4.854463999999994
2013-12-26,4.8914619999999935
2013-12-27,4.928459999999993
2013-12-30,4.965457999999993
2013-12-31,5.0024559999999925
2014-01-02,5.039453999999992
2014-01-03,5.076451999999992
2014-01-06,5.113449999999991
2014-01-07,5.150447999999991
2014-01-08,5.187445999999991
2014-01-09,5.22444399999999
2014-01-10,5.26144199999999
2014-01-13,5.29843999999999
2014-01-14,5.335437999999989
2014-01-15,5.372435999999989
2014-01-16,5.4112379999999884
2014-01-17,5.450291999999989
2014-01-20,5.489381999999988
2014-01-21,5.528471999999988
2014-01-22,5.567273999999989
2014-01-23,5.606075999999989
2014-01-24,5.64487799999999
2014-01-27,5.68367999999999
2014-01-28,5.7224819999999905
2014-01-29,5.761283999999991
2014-01-30,5.800085999999991
2014-01-31,5.838887999999992
2014-02-03,5.877689999999992
2014-02-04,5.916563999999992
2014-02-05,5.955437999999992
2014-02-06,5.994311999999992
2014-02-07,6.033185999999992
2014-02-10,6.072059999999992
2014-02-11,6.110933999999991
2014-02-12,6.149807999999991
2014-02-13,6.188681999999991
2014-02-14,6.227555999999991
2014-02-17,6.266429999999991
2014-02-18,6.305303999999991
2014-02-19,6.3441779999999905
2014-02-20,6.38305199999999
2014-02-21,6.42192599999999
2014-02-24,6.46079999999999
2014-02-25,6.49967399999999
2014-02-26,6.53876399999999
2014-02-27,6.57871599999999
2014-02-28,6.618667999999991
2014-03-05,6.658476999999991
2014-03-06,6.698285999999991
2014-03-07,6.738094999999991
2014-03-10,6.777903999999991
2014-03-11,6.817712999999991
2014-03-12,6.857521999999991
2014-03-13,6.8973309999999906
2014-03-14,6.9371399999999905
2014-03-17,6.9769489999999905
2014-03-18,7.0167579999999905
2014-03-19,7.056709999999991
2014-03-20,7.096661999999991
2014-03-21,7.136613999999992
2014-03-24,7.176565999999992
2014-03-25,7.216517999999993
2014-03-26,7.256469999999993
2014-03-27,7.296278999999993
2014-03-28,7.336087999999993
2014-03-31,7.375896999999993
2014-04-01,7.415705999999993
2014-04-02,7.455514999999993
2014-04-03,7.496219999999993
2014-04-04,7.536924999999993
2014-04-07,7.577629999999993
2014-04-08,7.618334999999993
2014-04-09,7.659039999999993
2014-04-10,7.699744999999993
2014-04-11,7.740449999999993
2014-04-14,7.781154999999993
2014-04-15,7.821859999999993
2014-04-16,7.862564999999993
2014-04-17,7.903269999999993
2014-04-22,7.943974999999993
2014-04-23,7.984679999999993
2014-04-24,8.025384999999993
2014-04-25,8.066089999999994
2014-04-28,8.106794999999995
2014-04-29,8.147499999999996
2014-04-30,8.188204999999996
2014-05-02,8.228909999999997
2014-05-05,8.269614999999998
2014-05-06,8.310319999999999
2014-05-07,8.351025
2014-05-08,8.39173
2014-05-09,8.432435000000002
2014-05-12,8.473140000000003
2014-05-13,8.513845000000003
2014-05-14,8.554550000000004
2014-05-15,8.595255000000005
2014-05-16,8.635960000000006
2014-05-19,8.676665000000007
2014-05-20,8.717370000000008
2014-05-21,8.758075000000009
2014-05-22,8.79878000000001
2014-05-23,8.83948500000001
2014-05-26,8.880190000000011
2014-05-27,8.920895000000012
2014-05-28,8.961600000000013
2014-05-29,9.002305000000014
2014-05-30,9.043010000000015
2014-06-02,9.083715000000016
2014-06-03,9.124420000000017
2014-06-04,9.165125000000018
2014-06-05,9.205830000000018
2014-06-06,9.24653500000002
2014-06-09,9.287384000000019
2014-06-10,9.32808900000002
2014-06-11,9.36879400000002
2014-06-12,9.409499000000022
2014-06-13,9.450204000000022
2014-06-16,9.490909000000023
2014-06-17,9.531614000000024
2014-06-18,9.572319000000025
2014-06-20,9.613024000000026
2014-06-23,9.653729000000027
2014-06-24,9.694434000000028
2014-06-25,9.735139000000029
2014-06-26,9.77584400000003
2014-06-27,9.81654900000003
2014-06-30,9.857254000000031
2014-07-01,9.897959000000032
2014-07-02,9.938664000000033
2014-07-03,9.979369000000034
2014-07-04,10.020074000000035
2014-07-07,10.060779000000036
2014-07-08,10.101484000000037
2014-07-09,10.142189000000037
2014-07-10,10.182894000000038
2014-07-11,10.22359900000004
2014-07-14,10.26430400000004
2014-07-15,10.305009000000041
2014-07-16,10.345714000000042
2014-07-17,10.386419000000043
2014-07-18,10.427124000000044
2014-07-21,10.467829000000044
2014-07-22,10.508534000000045
2014-07-23,10.549239000000046
2014-07-24,10.589944000000047
2014-07-25,10.630649000000048
2014-07-28,10.671354000000049
2014-07-29,10.71205900000005
2014-07-30,10.75276400000005
2014-07-31,10.793469000000051
2014-08-01,10.834174000000052
2014-08-04,10.874915000000053
2014-08-05,10.915656000000054
2014-08-06,10.956397000000054
2014-08-07,10.997138000000055
2014-08-08,11.037879000000055
2014-08-11,11.078620000000056
2014-08-12,11.119361000000056
2014-08-13,11.160102000000057
2014-08-14,11.200843000000058
2014-08-15,11.241620000000058
2014-08-18,11.282361000000058
2014-08-19,11.323102000000059
2014-08-20,11.363951000000059
2014-08-21,11.404728000000059
2014-08-22,11.44546900000006
2014-08-25,11.48631800000006
2014-08-26,11.527167000000059
2014-08-27,11.56790800000006
2014-08-28,11.60875700000006
2014-08-29,11.64949800000006
2014-09-01,11.69023900000006
2014-09-02,11.730980000000061
2014-09-03,11.771721000000062
2014-09-04,11.812462000000062
2014-09-05,11.853203000000063
2014-09-08,11.893944000000063
2014-09-09,11.934685000000064
2014-09-10,11.975534000000064
2014-09-11,12.016275000000064
2014-09-12,12.057016000000065
2014-09-15,12.097757000000065
2014-09-16,12.138498000000066
2014-09-17,12.179239000000067
2014-09-18,12.219980000000067
2014-09-19,12.260721000000068
2014-09-22,12.301462000000068
2014-09-23,12.342311000000068
2014-09-24,12.383160000000068
2014-09-25,12.424009000000067
2014-09-26,12.464750000000068
2014-09-29,12.505491000000069
2014-09-30,12.546232000000069
2014-10-01,12.58697300000007
2014-10-02,12.62771400000007
2014-10-03,12.66845500000007
2014-10-06,12.709196000000071
2014-10-07,12.750045000000071
2014-10-08,12.79089400000007
2014-10-09,12.83174300000007
2014-10-10,12.87259200000007
2014-10-13,12.91333300000007
2014-10-14,12.95418200000007
2014-10-15,12.994923000000071
2014-10-16,13.03577200000007
2014-10-17,13.07662100000007
2014-10-20,13.11747000000007
2014-10-21,13.15831900000007
2014-10-22,13.19916800000007
2014-10-23,13.24001700000007
2014-10-24,13.280866000000069
2014-10-27,13.321715000000069
2014-10-28,13.362564000000068
2014-10-29,13.403413000000068
2014-10-30,13.445156000000068
2014-10-31,13.486792000000069
2014-11-03,13.52842800000007
2014-11-04,13.57006400000007
2014-11-05,13.61180700000007
2014-11-06,13.65355000000007
2014-11-07,13.69529300000007
2014-11-10,13.73703600000007
2014-11-11,13.778779000000071
2014-11-12,13.820522000000071
2014-11-13,13.862265000000072
2014-11-14,13.904008000000072
2014-11-17,13.945751000000072
2014-11-18,13.987494000000073
2014-11-19,14.029237000000073
2014-11-20,14.070980000000073
2014-11-21,14.112723000000074
2014-11-24,14.154466000000074
2014-11-25,14.196209000000074
2014-11-26,14.237952000000075
2014-11-27,14.279695000000075
2014-11-28,14.321331000000075
2014-12-01,14.362967000000076
2014-12-02,14.404603000000076
2014-12-03,14.446346000000077
2014-12-04,14.489872000000076
2014-12-05,14.533398000000076
2014-12-08,14.576924000000076
2014-12-09,14.620379000000076
2014-12-10,14.663834000000076
2014-12-11,14.707360000000076
2014-12-12,14.750886000000076
2014-12-15,14.794412000000076
2014-12-16,14.837938000000076
2014-12-17,14.881464000000076
2014-12-18,14.924990000000076
2014-12-19,14.968516000000076
2014-12-22,15.012042000000076
2014-12-23,15.055497000000075
2014-12-24,15.098952000000075
2014-12-26,15.142407000000075
2014-12-29,15.185933000000075
2014-12-30,15.229388000000075
2014-12-31,15.272843000000075
2015-01-02,15.316298000000074
2015-01-05,15.359753000000074
2015-01-06,15.403208000000074
2015-01-07,15.446663000000074
2015-01-08,15.490118000000074
2015-01-09,15.533573000000073
2015-01-12,15.577028000000073
2015-01-13,15.620483000000073
2015-01-14,15.663938000000073
2015-01-15,15.707393000000073
2015-01-16,15.750848000000072
2015-01-19,15.794303000000072
2015-01-20,15.837758000000072
2015-01-21,15.881213000000072
2015-01-22,15.926514000000072
2015-01-23,15.971779000000073
2015-01-26,16.017044000000073
2015-01-27,16.062309000000074
2015-01-28,16.107574000000074
2015-01-29,16.152839000000075
2015-01-30,16.198104000000075
2015-02-02,16.243369000000076
2015-02-03,16.288670000000074
2015-02-04,16.333971000000073
2015-02-05,16.37927200000007
2015-02-06,16.42457300000007
2015-02-09,16.46987400000007
2015-02-10,16.515175000000067
2015-02-11,16.560476000000065
2015-02-12,16.605777000000064
2015-02-13,16.651078000000062
2015-02-18,16.69637900000006
2015-02-19,16.74168000000006
2015-02-20,16.786981000000058
2015-02-23,16.832282000000056
2015-02-24,16.877583000000055
2015-02-25,16.922884000000053
2015-02-26,16.96818500000005
2015-02-27,17.01348600000005
2015-03-02,17.05878700000005
2015-03-03,17.104088000000047
2015-03-04,17.149389000000046
2015-03-05,17.196492000000045
2015-03-06,17.243595000000045
2015-03-09,17.290698000000045
2015-03-10,17.337801000000045
2015-03-11,17.384904000000045
2015-03-12,17.432007000000045
2015-03-13,17.479110000000045
2015-03-16,17.526213000000045
2015-03-17,17.573316000000045
2015-03-18,17.620419000000044
2015-03-19,17.667522000000044
2015-03-20,17.714625000000044
2015-03-23,17.761763000000045
2015-03-24,17.808901000000045
2015-03-25,17.856039000000045
2015-03-26,17.903177000000046
2015-03-27,17.950315000000046
2015-03-30,17.997418000000046
2015-03-31,18.044521000000046
2015-04-01,18.091624000000046
2015-04-02,18.138727000000046
2015-04-06,18.185830000000045
2015-04-07,18.232933000000045
2015-04-08,18.280036000000045
2015-04-09,18.327139000000045
2015-04-10,18.374242000000045
2015-04-13,18.421345000000045
2015-04-14,18.468448000000045
2015-04-15,18.515551000000045
2015-04-16,18.562654000000045
2015-04-17,18.609757000000045
2015-04-20,18.656860000000044
2015-04-22,18.703963000000044
2015-04-23,18.751066000000044
2015-04-24,18.798169000000044
2015-04-27,18.845307000000044
2015-04-28,18.892480000000045
2015-04-29,18.939653000000046
2015-04-30,18.988550000000046
2015-05-04,19.037447000000046
2015-05-05,19.086414000000048
2015-05-06,19.13538100000005
2015-05-07,19.18434800000005
2015-05-08,19.23331500000005
2015-05-11,19.282282000000052
2015-05-12,19.331249000000053
2015-05-13,19.380216000000054
2015-05-14,19.429183000000055
2015-05-15,19.478150000000056
2015-05-18,19.527117000000057
2015-05-19,19.57608400000006
2015-05-20,19.62505100000006
2015-05-21,19.67401800000006
2015-05-22,19.72298500000006
2015-05-25,19.771952000000063
2015-05-26,19.820919000000064
2015-05-27,19.869886000000065
2015-05-28,19.918853000000066
2015-05-29,19.967820000000067
2015-06-01,20.01678700000007
2015-06-02,20.06575400000007
2015-06-03,20.11472100000007
2015-06-05,20.16547400000007
2015-06-08,20.21622700000007
2015-06-09,20.26698000000007
2015-06-10,20.31773300000007
2015-06-11,20.368486000000072
2015-06-12,20.419239000000072
2015-06-15,20.469992000000072
2015-06-16,20.520745000000073
2015-06-17,20.571498000000073
2015-06-18,20.622251000000073
2015-06-19,20.673004000000073
2015-06-22,20.723757000000074
2015-06-23,20.774510000000074
2015-06-24,20.825263000000074
2015-06-25,20.876016000000075
2015-06-26,20.926769000000075
2015-06-29,20.977522000000075
2015-06-30,21.028275000000075
2015-07-01,21.079028000000076
2015-07-02,21.129781000000076
2015-07-03,21.180534000000076
2015-07-06,21.231287000000076
2015-07-07,21.282040000000077
2015-07-08,21.332793000000077
2015-07-09,21.383546000000077
2015-07-10,21.434299000000077
2015-07-13,21.485052000000078
2015-07-14,21.535805000000078
2015-07-15,21.58655800000008
2015-07-16,21.63731100000008
2015-07-17,21.68806400000008
2015-07-20,21.73881700000008
2015-07-21,21.78957000000008
2015-07-22,21.84032300000008
2015-07-23,21.89107600000008
2015-07-24,21.94182900000008
2015-07-27,21.99258200000008
2015-07-28,22.04333500000008
2015-07-29,22.09408800000008
2015-07-30,22.146549000000082
2015-07-31,22.199010000000083
2015-08-03,22.251471000000084
2015-08-04,22.303932000000085
2015-08-05,22.356393000000086
2015-08-06,22.408854000000087
2015-08-07,22.461315000000088
2015-08-10,22.51377600000009
2015-08-11,22.56623700000009
2015-08-12,22.61869800000009
2015-08-13,22.67115900000009
2015-08-14,22.723620000000093
2015-08-17,22.776081000000094
2015-08-18,22.828542000000095
2015-08-19,22.881003000000096
2015-08-20,22.933464000000097
2015-08-21,22.985925000000098
2015-08-24,23.0383860000001
2015-08-25,23.0908470000001
2015-08-26,23.1433080000001
2015-08-27,23.1957690000001
2015-08-28,23.248230000000103
2015-08-31,23.300691000000104
2015-09-01,23.353152000000104
2015-09-02,23.405613000000105
2015-09-03,23.458074000000106
2015-09-04,23.510535000000107
2015-09-08,23.56299600000011
2015-09-09,23.61545700000011
2015-09-10,23.66791800000011
2015-09-11,23.72037900000011
2015-09-14,23.772840000000112
2015-09-15,23.825301000000113
2015-09-16,23.877762000000114
2015-09-17,23.930223000000115
2015-09-18,23.982684000000116
2015-09-21,24.035145000000117
2015-09-22,24.087606000000118
2015-09-23,24.14006700000012
2015-09-24,24.19252800000012
2015-09-25,24.24498900000012
2015-09-28,24.297450000000122
2015-09-29,24.349911000000123
2015-09-30,24.402372000000124
2015-10-01,24.454833000000125
2015-10-02,24.507294000000126
2015-10-05,24.559755000000127
2015-10-06,24.612216000000128
2015-10-07,24.66467700000013
2015-10-08,24.71713800000013
2015-10-09,24.76959900000013
2015-10-13,24.822060000000132
2015-10-14,24.874521000000133
2015-10-15,24.926982000000134
2015-10-16,24.979443000000135
2015-10-19,25.031904000000136
2015-10-20,25.084365000000137
2015-10-21,25.136826000000138
2015-10-22,25.18932200000014
2015-10-23,25.24181800000014
2015-10-26,25.294314000000142
2015-10-27,25.346810000000144
2015-10-28,25.399306000000145
2015-10-29,25.451802000000146
2015-10-30,25.504298000000148
2015-11-03,25.55679400000015
2015-11-04,25.60929000000015
2015-11-05,25.661786000000152
2015-11-06,25.714282000000154
2015-11-09,25.766778000000155
2015-11-10,25.819274000000156
2015-11-11,25.871770000000158
2015-11-12,25.92426600000016
2015-11-13,25.97676200000016
2015-11-16,26.029258000000162
2015-11-17,26.081754000000164
2015-11-18,26.134250000000165
2015-11-19,26.186746000000166
2015-11-20,26.239242000000168
2015-11-23,26.29173800000017
2015-11-24,26.34423400000017
2015-11-25,26.396730000000172
2015-11-26,26.449226000000174
2015-11-27,26.501722000000175
2015-11-30,26.554218000000176
2015-12-01,26.606714000000178
2015-12-02,26.65921000000018
2015-12-03,26.71170600000018
2015-12-04,26.764202000000182
2015-12-07,26.816698000000184
2015-12-08,26.869194000000185
2015-12-09,26.921690000000186
2015-12-10,26.974186000000188
2015-12-11,27.02668200000019
2015-12-14,27.07917800000019
2015-12-15,27.131674000000192
2015-12-16,27.184170000000194
2015-12-17,27.236666000000195
2015-12-18,27.289162000000196
2015-12-21,27.341658000000198
2015-12-22,27.3941540000002
2015-12-23,27.4466500000002
2015-12-24,27.499146000000202
2015-12-28,27.551642000000204
2015-12-29,27.604138000000205
2015-12-30,27.656634000000206
2015-12-31,27.709130000000208
2016-01-04,27.76162600000021
2016-01-05,27.81412200000021
2016-01-06,27.866618000000212
2016-01-07,27.919114000000214
2016-01-08,27.971610000000215
2016-01-11,28.024106000000216
2016-01-12,28.076602000000218
2016-01-13,28.12909800000022
2016-01-14,28.18159400000022
2016-01-15,28.234090000000222
2016-01-18,28.286586000000224
2016-01-19,28.339082000000225
2016-01-20,28.391578000000226
2016-01-21,28.444039000000227
2016-01-22,28.49650000000023
2016-01-25,28.54896100000023
2016-01-26,28.60142200000023
2016-01-27,28.65388300000023
2016-01-28,28.706344000000232
2016-01-29,28.758805000000233
2016-02-01,28.811266000000234
2016-02-02,28.863727000000235
2016-02-03,28.916188000000236
2016-02-04,28.968649000000237
2016-02-05,29.021110000000238
2016-02-10,29.07357100000024
2016-02-11,29.12603200000024
2016-02-12,29.17849300000024
2016-02-15,29.230954000000242
2016-02-16,29.283415000000243
2016-02-17,29.335876000000244
2016-02-18,29.388337000000245
2016-02-19,29.440798000000246
2016-02-22,29.493259000000247
2016-02-23,29.545720000000248
2016-02-24,29.59818100000025
2016-02-25,29.65064200000025
2016-02-26,29.70310300000025
2016-02-29,29.755564000000252
2016-03-01,29.808025000000253
2016-03-02,29.860486000000254
2016-03-03,29.912947000000255
2016-03-04,29.965408000000256
2016-03-07,30.017869000000257
2016-03-08,30.070330000000258
2016-03-09,30.12279100000026
2016-03-10,30.17525200000026
2016-03-11,30.22771300000026
2016-03-14,30.28017400000026
2016-03-15,30.332635000000263
2016-03-16,30.385096000000264
2016-03-17,30.437557000000265
2016-03-18,30.490018000000266
2016-03-21,30.542479000000267
2016-03-22,30.594940000000268
2016-03-23,30.64740100000027
2016-03-24,30.69986200000027
2016-03-28,30.75232300000027
2016-03-29,30.80478400000027
2016-03-30,30.857245000000272
2016-03-31,30.909706000000273
2016-04-01,30.962167000000274
2016-04-04,31.014628000000275
2016-04-05,31.067089000000276
2016-04-06,31.119550000000277
2016-04-07,31.17201100000028
2016-04-08,31.22447200000028
2016-04-11,31.27693300000028
2016-04-12,31.32939400000028
2016-04-13,31.381855000000282
2016-04-14,31.434316000000283
2016-04-15,31.486777000000284
2016-04-18,31.539238000000285
2016-04-19,31.591699000000286
2016-04-20,31.644160000000287
2016-04-22,31.696621000000288
2016-04-25,31.74908200000029
2016-04-26,31.80154300000029
2016-04-27,31.85400400000029
2016-04-28,31.906465000000292
2016-04-29,31.958926000000293
2016-05-02,32.01138700000029
2016-05-03,32.06384800000029
2016-05-04,32.11630900000029
2016-05-05,32.16877000000029
2016-05-06,32.221231000000294
2016-05-09,32.273692000000295
2016-05-10,32.326153000000296
2016-05-11,32.3786140000003
2016-05-12,32.4310750000003
2016-05-13,32.4835360000003
2016-05-16,32.5359970000003
2016-05-17,32.5884580000003
2016-05-18,32.6409190000003
2016-05-19,32.6933800000003
2016-05-20,32.745841000000304
2016-05-23,32.798302000000305
2016-05-24,32.850763000000306
2016-05-25,32.90322400000031
2016-05-27,32.95568500000031
2016-05-30,33.00814600000031
2016-05-31,33.06060700000031
2016-06-01,33.11306800000031
2016-06-02,33.16552900000031
2016-06-03,33.21799000000031
2016-06-06,33.270451000000314
2016-06-07,33.322912000000315
2016-06-08,33.375373000000316
2016-06-09,33.42783400000032
2016-06-10,33.48029500000032
2016-06-13,33.53275600000032
2016-06-14,33.58521700000032
2016-06-15,33.63767800000032
2016-06-16,33.69013900000032
2016-06-17,33.74260000000032
2016-06-20,33.795061000000324
2016-06-21,33.847522000000325
2016-06-22,33.899983000000326
2016-06-23,33.95244400000033
2016-06-24,34.00490500000033
2016-06-27,34.05736600000033
2016-06-28,34.10982700000033
2016-06-29,34.16228800000033
2016-06-30,34.21474900000033
2016-07-01,34.26721000000033
2016-07-04,34.31967100000033
2016-07-05,34.372132000000335
2016-07-06,34.424593000000336
2016-07-07,34.47705400000034
2016-07-08,34.52951500000034
2016-07-11,34.58197600000034
2016-07-12,34.63443700000034
2016-07-13,34.68689800000034
2016-07-14,34.73935900000034
2016-07-15,34.79182000000034
2016-07-18,34.84428100000034
2016-07-19,34.896742000000344
2016-07-20,34.949203000000345
2016-07-21,35.001664000000346
2016-07-22,35.05412500000035
2016-07-25,35.10658600000035
2016-07-26,35.15904700000035
2016-07-27,35.21150800000035
2016-07-28,35.26396900000035
2016-07-29,35.31643000000035
2016-08-01,35.36889100000035
2016-08-02,35.421352000000354
2016-08-03,35.473813000000355
2016-08-04,35.526274000000356
2016-08-05,35.57873500000036
2016-08-08,35.63119600000036
2016-08-09,35.68365700000036
2016-08-10,35.73611800000036
2016-08-11,35.78857900000036
2016-08-12,35.84104000000036
2016-08-15,35.89350100000036
2016-08-16,35.945962000000364
2016-08-17,35.998423000000365
2016-08-18,36.050884000000366
2016-08-19,36.10334500000037
2016-08-22,36.15580600000037
2016-08-23,36.20826700000037
2016-08-24,36.26072800000037
2016-08-25,36.31318900000037
2016-08-26,36.36565000000037
2016-08-29,36.41811100000037
2016-08-30,36.470572000000374
2016-08-31,36.523033000000375
2016-09-01,36.575494000000376
2016-09-02,36.62795500000038
2016-09-05,36.68041600000038
2016-09-06,36.73287700000038
2016-09-08,36.78533800000038
2016-09-09,36.83779900000038
2016-09-12,36.89026000000038
2016-09-13,36.94272100000038
2016-09-14,36.99518200000038
2016-09-15,37.047643000000384
2016-09-16,37.100104000000385
2016-09-19,37.152565000000386
2016-09-20,37.20502600000039
2016-09-21,37.25748700000039
2016-09-22,37.30994800000039
2016-09-23,37.36240900000039
2016-09-26,37.41487000000039
2016-09-27,37.46733100000039
2016-09-28,37.51979200000039
2016-09-29,37.572253000000394
2016-09-30,37.624714000000395
2016-10-03,37.677175000000396
2016-10-04,37.7296360000004
2016-10-05,37.7820970000004
2016-10-06,37.8345580000004
2016-10-07,37.8870190000004
2016-10-10,37.9394800000004
2016-10-11,37.9919410000004
2016-10-13,38.0444020000004
2016-10-14,38.096863000000404
2016-10-17,38.149324000000405
2016-10-18,38.201785000000406
2016-10-19,38.25424600000041
2016-10-20,38.30583700000041
2016-10-21,38.35742800000041
2016-10-24,38.40901900000041
2016-10-25,38.460610000000415
2016-10-26,38.51220100000042
2016-10-27,38.56379200000042
2016-10-28,38.61538300000042
2016-10-31,38.66697400000042
2016-11-01,38.718565000000424
2016-11-03,38.770156000000426
2016-11-04,38.82174700000043
2016-11-07,38.87333800000043
2016-11-08,38.92492900000043
2016-11-09,38.976520000000434
2016-11-10,39.028111000000436
2016-11-11,39.07970200000044
2016-11-14,39.13129300000044
2016-11-16,39.18288400000044
2016-11-17,39.234475000000444
2016-11-18,39.286066000000446
2016-11-21,39.33765700000045
2016-11-22,39.38924800000045
2016-11-23,39.44083900000045
2016-11-24,39.492430000000454
2016-11-25,39.544021000000456
2016-11-28,39.59561200000046
2016-11-29,39.64720300000046
2016-11-30,39.69879400000046
2016-12-01,39.749512000000465
2016-12-02,39.80023000000047
2016-12-05,39.85094800000047
2016-12-06,39.901666000000475
2016-12-07,39.95238400000048
2016-12-08,40.00310200000048
2016-12-09,40.053820000000485
2016-12-12,40.10453800000049
2016-12-13,40.15525600000049
2016-12-14,40.205974000000495
2016-12-15,40.2566920000005
2016-12-16,40.3074100000005
2016-12-19,40.358128000000505
2016-12-20,40.40884600000051
2016-12-21,40.45956400000051
2016-12-22,40.510282000000515
2016-12-23,40.56100000000052
2016-12-26,40.61171800000052
2016-12-27,40.662436000000525
2016-12-28,40.71315400000053
2016-12-29,40.76387200000053
2016-12-30,40.814590000000535
2017-01-02,40.86530800000054
2017-01-03,40.91602600000054
2017-01-04,40.966744000000546
2017-01-05,41.01746200000055
2017-01-06,41.06818000000055
2017-01-09,41.118898000000556
2017-01-10,41.16961600000056
2017-01-11,41.22033400000056
2017-01-12,41.26842300000056
2017-01-13,41.31651200000056
2017-01-16,41.364601000000555
2017-01-17,41.41269000000055
2017-01-18,41.46077900000055
2017-01-19,41.50886800000055
2017-01-20,41.556957000000544
2017-01-23,41.60504600000054
2017-01-24,41.65313500000054
2017-01-25,41.701224000000536
2017-01-26,41.749313000000534
2017-01-27,41.79740200000053
2017-01-30,41.84549100000053
2017-01-31,41.893580000000526
2017-02-01,41.94166900000052
2017-02-02,41.98975800000052
2017-02-03,42.03784700000052
2017-02-06,42.085936000000515
2017-02-07,42.13402500000051
2017-02-08,42.18211400000051
2017-02-09,42.23020300000051
2017-02-10,42.278292000000505
2017-02-13,42.3263810000005
2017-02-14,42.3744700000005
2017-02-15,42.4225590000005
2017-02-16,42.470648000000494
2017-02-17,42.51873700000049
2017-02-20,42.56682600000049
2017-02-21,42.61491500000049
2017-02-22,42.663004000000484
2017-02-23,42.708446000000485
2017-02-24,42.75388800000049
2017-03-01,42.79933000000049
2017-03-02,42.84477200000049
2017-03-03,42.89021400000049
2017-03-06,42.93565600000049
2017-03-07,42.98109800000049
2017-03-08,43.026540000000495
2017-03-09,43.071982000000496
2017-03-10,43.1174240000005
2017-03-13,43.1628660000005
2017-03-14,43.2083080000005
2017-03-15,43.2537500000005
2017-03-16,43.2991920000005
2017-03-17,43.344634000000504
2017-03-20,43.390076000000505
2017-03-21,43.435518000000506
2017-03-22,43.48096000000051
2017-03-23,43.52640200000051
2017-03-24,43.57184400000051
2017-03-27,43.61728600000051
2017-03-28,43.66272800000051
2017-03-29,43.708170000000514
2017-03-30,43.753612000000516
2017-03-31,43.79905400000052
2017-04-03,43.84449600000052
2017-04-04,43.88993800000052
2017-04-05,43.93538000000052
2017-04-06,43.98082200000052
2017-04-07,44.02626400000052
2017-04-10,44.071706000000525
2017-04-11,44.117148000000526
2017-04-12,44.16259000000053
2017-04-13,44.204476000000525
2017-04-17,44.24636200000052
2017-04-18,44.28824800000052
2017-04-19,44.33013400000052
2017-04-20,44.37202000000052
2017-04-24,44.413906000000516
2017-04-25,44.455792000000514
2017-04-26,44.49767800000051
2017-04-27,44.53956400000051
2017-04-28,44.58145000000051
2017-05-02,44.623336000000506
2017-05-03,44.665222000000504
2017-05-04,44.7071080000005
2017-05-05,44.7489940000005
2017-05-08,44.7908800000005
2017-05-09,44.8327660000005
2017-05-10,44.874652000000495
2017-05-11,44.91653800000049
2017-05-12,44.95842400000049
2017-05-15,45.00031000000049
2017-05-16,45.04219600000049
2017-05-17,45.084082000000485
2017-05-18,45.12596800000048
2017-05-19,45.16785400000048
2017-05-22,45.20974000000048
2017-05-23,45.25162600000048
2017-05-24,45.293512000000476
2017-05-25,45.335398000000474
2017-05-26,45.37728400000047
2017-05-29,45.41917000000047
2017-05-30,45.46105600000047
2017-05-31,45.502942000000466
2017-06-01,45.541276000000465
2017-06-02,45.579610000000464
2017-06-05,45.61794400000046
2017-06-06,45.65627800000046
2017-06-07,45.69461200000046
2017-06-08,45.73294600000046
2017-06-09,45.77128000000046
2017-06-12,45.80961400000046
2017-06-13,45.84794800000046
2017-06-14,45.886282000000456
2017-06-16,45.924616000000455
2017-06-19,45.962950000000454
2017-06-20,46.00128400000045
2017-06-21,46.03961800000045
2017-06-22,46.07795200000045
2017-06-23,46.11628600000045
2017-06-26,46.15462000000045
2017-06-27,46.19295400000045
2017-06-28,46.23128800000045
2017-06-29,46.269622000000446
2017-06-30,46.307956000000445
2017-07-03,46.346290000000444
2017-07-04,46.38462400000044
2017-07-05,46.42295800000044
2017-07-06,46.46129200000044
2017-07-07,46.49962600000044
2017-07-10,46.53796000000044
2017-07-11,46.57629400000044
2017-07-12,46.61462800000044
2017-07-13,46.652962000000436
2017-07-14,46.691296000000435
2017-07-17,46.729630000000434
2017-07-18,46.76796400000043
2017-07-19,46.80629800000043
2017-07-20,46.84463200000043
2017-07-21,46.88296600000043
2017-07-24,46.92130000000043
2017-07-25,46.95963400000043
2017-07-26,46.99796800000043
2017-07-27,47.03268100000043
2017-07-28,47.067394000000434
2017-07-31,47.10210700000044
2017-08-01,47.13682000000044
2017-08-02,47.171533000000444
2017-08-03,47.20624600000045
2017-08-04,47.24095900000045
2017-08-07,47.275672000000455
2017-08-08,47.31038500000046
2017-08-09,47.34509800000046
2017-08-10,47.379811000000466
2017-08-11,47.41452400000047
2017-08-14,47.44923700000047
2017-08-15,47.483950000000476
2017-08-16,47.51866300000048
2017-08-17,47.55337600000048
2017-08-18,47.58808900000049
2017-08-21,47.62280200000049
2017-08-22,47.657515000000494
2017-08-23,47.6922280000005
2017-08-24,47.7269410000005
2017-08-25,47.761654000000505
2017-08-28,47.79636700000051
2017-08-29,47.83108000000051
2017-08-30,47.865793000000515
2017-08-31,47.90050600000052
2017-09-01,47.93521900000052
2017-09-04,47.969932000000526
2017-09-05,48.00464500000053
2017-09-06,48.03935800000053
2017-09-08,48.07041700000053
2017-09-11,48.10147600000053
2017-09-12,48.13253500000053
2017-09-13,48.16359400000053
2017-09-14,48.19465300000053
2017-09-15,48.22571200000053
2017-09-18,48.256771000000526
2017-09-19,48.287830000000525
2017-09-20,48.318889000000524
2017-09-21,48.34994800000052
2017-09-22,48.38100700000052
2017-09-25,48.41206600000052
2017-09-26,48.44312500000052
2017-09-27,48.47418400000052
2017-09-28,48.50524300000052
2017-09-29,48.53630200000052
2017-10-02,48.56736100000052
2017-10-03,48.598420000000516
2017-10-04,48.629479000000515
2017-10-05,48.660538000000514
2017-10-06,48.69159700000051
2017-10-09,48.72265600000051
2017-10-10,48.75371500000051
2017-10-11,48.78477400000051
2017-10-13,48.81583300000051
2017-10-16,48.84689200000051
2017-10-17,48.87795100000051
2017-10-18,48.90901000000051
2017-10-19,48.940069000000506
2017-10-20,48.971128000000505
2017-10-23,49.002187000000504
2017-10-24,49.0332460000005
2017-10-25,49.0643050000005
2017-10-26,49.0926010000005
2017-10-27,49.1208970000005
2017-10-30,49.149193000000494
2017-10-31,49.17748900000049
2017-11-01,49.20578500000049
2017-11-03,49.23408100000049
2017-11-06,49.262377000000484
2017-11-07,49.29067300000048
2017-11-08,49.31896900000048
2017-11-09,49.347265000000476
2017-11-10,49.375561000000474
2017-11-13,49.40385700000047
2017-11-14,49.43215300000047
2017-11-16,49.460449000000466
2017-11-17,49.48874500000046
2017-11-20,49.51704100000046
2017-11-21,49.54533700000046
2017-11-22,49.573633000000456
2017-11-23,49.60192900000045
2017-11-24,49.63022500000045
2017-11-27,49.65852100000045
2017-11-28,49.686817000000445
2017-11-29,49.71511300000044
2017-11-30,49.74340900000044
2017-12-01,49.77170500000044
2017-12-04,49.800001000000435
2017-12-05,49.82829700000043
2017-12-06,49.85659300000043
2017-12-07,49.88303700000043
2017-12-08,49.909481000000426
2017-12-11,49.935925000000424
2017-12-12,49.96236900000042
2017-12-13,49.98881300000042
2017-12-14,50.01525700000042
2017-12-15,50.041701000000415
2017-12-18,50.06814500000041
2017-12-19,50.09458900000041
2017-12-20,50.12103300000041
2017-12-21,50.14747700000041
2017-12-22,50.173921000000405
2017-12-26,50.2003650000004
2017-12-27,50.2268090000004
2017-12-28,50.2532530000004
2017-12-29,50.2796970000004
2018-01-02,50.306141000000395
2018-01-03,50.33258500000039
2018-01-04,50.35902900000039
2018-01-05,50.38547300000039
2018-01-08,50.411917000000386
2018-01-09,50.438361000000384
2018-01-10,50.46480500000038
2018-01-11,50.49124900000038
2018-01-12,50.51769300000038
2018-01-15,50.544137000000376
2018-01-16,50.570581000000374
2018-01-17,50.59702500000037
2018-01-18,50.62346900000037
2018-01-19,50.64991300000037
2018-01-22,50.676357000000365
2018-01-23,50.70280100000036
2018-01-24,50.72924500000036
2018-01-25,50.75568900000036
2018-01-26,50.78213300000036
2018-01-29,50.808577000000355
2018-01-30,50.83502100000035
2018-01-31,50.86146500000035
2018-02-01,50.88790900000035
2018-02-02,50.91435300000035
2018-02-05,50.940797000000344
2018-02-06,50.96724100000034
2018-02-07,50.99368500000034
2018-02-08,51.01920000000034
2018-02-09,51.04471500000034
2018-02-14,51.070230000000336
2018-02-15,51.095745000000335
2018-02-16,51.12126000000033
2018-02-19,51.14677500000033
2018-02-20,51.17229000000033
2018-02-21,51.19780500000033
2018-02-22,51.22332000000033
2018-02-23,51.24883500000033
2018-02-26,51.274350000000325
2018-02-27,51.299865000000324
2018-02-28,51.32538000000032
2018-03-01,51.35089500000032
2018-03-02,51.37641000000032
2018-03-05,51.40192500000032
2018-03-06,51.42744000000032
2018-03-07,51.452955000000316
2018-03-08,51.478470000000314
2018-03-09,51.50398500000031
2018-03-12,51.52950000000031
2018-03-13,51.55501500000031
2018-03-14,51.58053000000031
2018-03-15,51.60604500000031
2018-03-16,51.631560000000306
2018-03-19,51.657075000000304
2018-03-20,51.6825900000003
2018-03-21,51.7081050000003
2018-03-22,51.7326880000003
2018-03-23,51.7572710000003
2018-03-26,51.7818540000003
2018-03-27,51.8064370000003
2018-03-28,51.8310200000003
2018-03-29,51.8556030000003
2018-04-02,51.8801860000003
2018-04-03,51.9047690000003
2018-04-04,51.9293520000003
2018-04-05,51.9539350000003
2018-04-06,51.9785180000003
2018-04-09,52.0031010000003
2018-04-10,52.0276840000003
2018-04-11,52.0522670000003
2018-04-12,52.0768500000003
2018-04-13,52.1014330000003
2018-04-16,52.1260160000003
2018-04-17,52.1505990000003
2018-04-18,52.1751820000003
2018-04-19,52.1997650000003
2018-04-20,52.2243480000003
2018-04-23,52.2489310000003
2018-04-24,52.2735140000003
2018-04-25,52.2980970000003
2018-04-26,52.3226800000003
2018-04-27,52.3472630000003
2018-04-30,52.371846000000296
2018-05-02,52.396429000000296
2018-05-03,52.421012000000296
2018-05-04,52.445595000000296
2018-05-07,52.470178000000296
2018-05-08,52.494761000000295
2018-05-09,52.519344000000295
2018-05-10,52.543927000000295
2018-05-11,52.568510000000295
2018-05-14,52.593093000000295
2018-05-15,52.617676000000294
2018-05-16,52.642259000000294
2018-05-17,52.666842000000294
2018-05-18,52.691425000000294
2018-05-21,52.71600800000029
2018-05-22,52.74059100000029
2018-05-23,52.76517400000029
2018-05-24,52.78975700000029
2018-05-25,52.81434000000029
2018-05-28,52.83892300000029
2018-05-29,52.86350600000029
2018-05-30,52.88808900000029
2018-06-01,52.91267200000029
2018-06-04,52.93725500000029
2018-06-05,52.96183800000029
2018-06-06,52.98642100000029
2018-06-07,53.01100400000029
2018-06-08,53.03558700000029
2018-06-11,53.06017000000029
2018-06-12,53.08475300000029
2018-06-13,53.10933600000029
2018-06-14,53.13391900000029
2018-06-15,53.15850200000029
2018-06-18,53.18308500000029
2018-06-19,53.20766800000029
2018-06-20,53.23225100000029
2018-06-21,53.25683400000029
2018-06-22,53.28141700000029
2018-06-25,53.30600000000029
2018-06-26,53.33058300000029
2018-06-27,53.35516600000029
2018-06-28,53.37974900000029
2018-06-29,53.40433200000029
2018-07-02,53.42891500000029
2018-07-03,53.45349800000029
2018-07-04,53.47808100000029
2018-07-05,53.50266400000029
2018-07-06,53.52724700000029
2018-07-09,53.55183000000029
2018-07-10,53.57641300000029
2018-07-11,53.600996000000286
2018-07-12,53.625579000000286
2018-07-13,53.650162000000286
2018-07-16,53.674745000000286
2018-07-17,53.699328000000285
2018-07-18,53.723911000000285
2018-07-19,53.748494000000285
2018-07-20,53.773077000000285
2018-07-23,53.797660000000285
2018-07-24,53.822243000000284
2018-07-25,53.846826000000284
2018-07-26,53.871409000000284
2018-07-27,53.895992000000284
2018-07-30,53.920575000000284
2018-07-31,53.94515800000028
2018-08-01,53.96974100000028
2018-08-02,53.99432400000028
2018-08-03,54.01890700000028
2018-08-06,54.04349000000028
2018-08-07,54.06807300000028
2018-08-08,54.09265600000028
2018-08-09,54.11723900000028
2018-08-10,54.14182200000028
2018-08-13,54.16640500000028
2018-08-14,54.19098800000028
2018-08-15,54.21557100000028
2018-08-16,54.24015400000028
2018-08-17,54.26473700000028
2018-08-20,54.28932000000028
2018-08-21,54.31390300000028
2018-08-22,54.33848600000028
2018-08-23,54.36306900000028
2018-08-24,54.38765200000028
2018-08-27,54.41223500000028
2018-08-28,54.43681800000028
2018-08-29,54.46140100000028
2018-08-30,54.48598400000028
2018-08-31,54.51056700000028
2018-09-03,54.53515000000028
2018-09-04,54.55973300000028
2018-09-05,54.58431600000028
2018-09-06,54.60889900000028
2018-09-10,54.63348200000028
2018-09-11,54.65806500000028
2018-09-12,54.68264800000028
2018-09-13,54.70723100000028
2018-09-14,54.73181400000028
2018-09-17,54.75639700000028
2018-09-18,54.78098000000028
2018-09-19,54.80556300000028
2018-09-20,54.830146000000276
2018-09-21,54.854729000000276
2018-09-24,54.879312000000276
2018-09-25,54.903895000000276
2018-09-26,54.928478000000275
2018-09-27,54.953061000000275
2018-09-28,54.977644000000275
2018-10-01,55.002264000000274
2018-10-02,55.02688400000027
2018-10-03,55.05150400000027
2018-10-04,55.07612400000027
2018-10-05,55.10074400000027
2018-10-08,55.12536400000027
2018-10-09,55.149984000000266
2018-10-10,55.174604000000265
2018-10-11,55.199224000000264
2018-10-15,55.22384400000026
2018-10-16,55.24846400000026
2018-10-17,55.27308400000026
2018-10-18,55.29770400000026
2018-10-19,55.32232400000026
2018-10-22,55.346944000000256
2018-10-23,55.371564000000255
2018-10-24,55.396184000000254
2018-10-25,55.42080400000025
2018-10-26,55.44542400000025
2018-10-29,55.47004400000025
2018-10-30,55.49466400000025
2018-10-31,55.51928400000025
2018-11-01,55.543904000000246
2018-11-05,55.568524000000245
2018-11-06,55.593144000000244
2018-11-07,55.61776400000024
2018-11-08,55.64238400000024
2018-11-09,55.66700400000024
2018-11-12,55.69162400000024
2018-11-13,55.71624400000024
2018-11-14,55.740864000000236
2018-11-16,55.765484000000235
2018-11-19,55.790104000000234
2018-11-20,55.81472400000023
2018-11-21,55.83934400000023
2018-11-22,55.86396400000023
2018-11-23,55.88858400000023
2018-11-26,55.91320400000023
2018-11-27,55.93782400000023
2018-11-28,55.962444000000225
2018-11-29,55.987064000000224
2018-11-30,56.01168400000022
2018-12-03,56.03630400000022
2018-12-04,56.06092400000022
2018-12-05,56.08554400000022
2018-12-06,56.11016400000022
2018-12-07,56.13478400000022
2018-12-10,56.159404000000215
2018-12-11,56.184024000000214
2018-12-12,56.20864400000021
2018-12-13,56.23326400000021
2018-12-14,56.25788400000021
2018-12-17,56.28250400000021
2018-12-18,56.30712400000021
2018-12-19,56.33174400000021
2018-12-20,56.356364000000205
2018-12-21,56.380984000000204
2018-12-24,56.4056040000002
2018-12-26,56.4302240000002
2018-12-27,56.4548440000002
2018-12-28,56.4794640000002
2018-12-31,56.5040840000002
2019-01-02,56.5287040000002
2019-01-03,56.553324000000195
2019-01-04,56.577944000000194
2019-01-07,56.60256400000019
2019-01-08,56.62718400000019
2019-01-09,56.65180400000019
2019-01-10,56.67642400000019
2019-01-11,56.70104400000019
2019-01-14,56.72566400000019
2019-01-15,56.750284000000185
2019-01-16,56.774904000000184
2019-01-17,56.79952400000018
2019-01-18,56.82414400000018
2019-01-21,56.84876400000018
2019-01-22,56.87338400000018
2019-01-23,56.89800400000018
2019-01-24,56.92262400000018
2019-01-25,56.947244000000175
2019-01-28,56.971864000000174
2019-01-29,56.99648400000017
2019-01-30,57.02110400000017
2019-01-31,57.04572400000017
2019-02-01,57.07034400000017
2019-02-04,57.09496400000017
2019-02-05,57.11958400000017
2019-02-06,57.144204000000165
2019-02-07,57.168824000000164
2019-02-08,57.19344400000016
2019-02-11,57.21806400000016
2019-02-12,57.24268400000016
2019-02-13,57.26730400000016
2019-02-14,57.29192400000016
2019-02-15,57.31654400000016
2019-02-18,57.341164000000155
2019-02-19,57.365784000000154
2019-02-20,57.39040400000015
2019-02-21,57.41502400000015
2019-02-22,57.43964400000015
2019-02-25,57.46426400000015
2019-02-26,57.48888400000015
2019-02-27,57.51350400000015
2019-02-28,57.538124000000145
2019-03-01,57.562744000000144
2019-03-06,57.58736400000014
2019-03-07,57.61198400000014
2019-03-08,57.63660400000014
2019-03-11,57.66122400000014
2019-03-12,57.68584400000014
2019-03-13,57.71046400000014
2019-03-14,57.735084000000136
2019-03-15,57.759704000000134
2019-03-18,57.78432400000013
2019-03-19,57.80894400000013
2019-03-20,57.83356400000013
2019-03-21,57.85818400000013
2019-03-22,57.88280400000013
2019-03-25,57.90742400000013
2019-03-26,57.932044000000126
2019-03-27,57.956664000000124
2019-03-28,57.98128400000012
2019-03-29,58.00590400000012
2019-04-01,58.03052400000012
2019-04-02,58.05514400000012
2019-04-03,58.07976400000012
2019-04-04,58.10438400000012
2019-04-05,58.129004000000116
2019-04-08,58.153624000000114
2019-04-09,58.17824400000011
2019-04-10,58.20286400000011
2019-04-11,58.22748400000011
2019-04-12,58.25210400000011
2019-04-15,58.27672400000011
2019-04-16,58.30134400000011
2019-04-17,58.325964000000106
2019-04-18,58.350584000000104
2019-04-22,58.3752040000001
2019-04-23,58.3998240000001
2019-04-24,58.4244440000001
2019-04-25,58.4490640000001
2019-04-26,58.4736840000001
2019-04-29,58.4983040000001
2019-04-30,58.522924000000096
2019-05-02,58.547544000000094
2019-05-03,58.57216400000009
2019-05-06,58.59678400000009
2019-05-07,58.62140400000009
2019-05-08,58.64602400000009
2019-05-09,58.67064400000009
2019-05-10,58.69526400000009
2019-05-13,58.719884000000086
2019-05-14,58.744504000000084
2019-05-15,58.76912400000008
2019-05-16,58.79374400000008
2019-05-17,58.81836400000008
2019-05-20,58.84298400000008
2019-05-21,58.86760400000008
2019-05-22,58.89222400000008
2019-05-23,58.916844000000076
2019-05-24,58.941464000000074
2019-05-27,58.96608400000007
2019-05-28,58.99070400000007
2019-05-29,59.01532400000007
2019-05-30,59.03994400000007
2019-05-31,59.06456400000007
2019-06-03,59.08918400000007
2019-06-04,59.113804000000066
2019-06-05,59.138424000000064
2019-06-06,59.16304400000006
2019-06-07,59.18766400000006
2019-06-10,59.21228400000006
2019-06-11,59.23690400000006
2019-06-12,59.26152400000006
2019-06-13,59.28614400000006
2019-06-14,59.310764000000056
2019-06-17,59.335384000000055
2019-06-18,59.36000400000005
2019-06-19,59.38462400000005
2019-06-21,59.40924400000005
2019-06-24,59.43386400000005
2019-06-25,59.45848400000005
2019-06-26,59.48310400000005
2019-06-27,59.507724000000046
2019-06-28,59.532344000000045
2019-07-01,59.55696400000004
2019-07-02,59.58158400000004
2019-07-03,59.60620400000004
2019-07-04,59.63082400000004
2019-07-05,59.65544400000004
2019-07-08,59.68006400000004
2019-07-09,59.704684000000036
2019-07-10,59.729304000000035
2019-07-11,59.75392400000003
2019-07-12,59.77854400000003
2019-07-15,59.80316400000003
2019-07-16,59.82778400000003
2019-07-17,59.85240400000003
2019-07-18,59.87702400000003
2019-07-19,59.901644000000026
2019-07-22,59.926264000000025
2019-07-23,59.95088400000002
2019-07-24,59.97550400000002
2019-07-25,60.00012400000002
2019-07-26,60.02474400000002
2019-07-29,60.04936400000002
2019-07-30,60.07398400000002
2019-07-31,60.098604000000016
2019-08-01,60.121355000000015
2019-08-02,60.144106000000015
2019-08-05,60.166857000000014
2019-08-06,60.189608000000014
2019-08-07,60.21235900000001
2019-08-08,60.23511000000001
2019-08-09,60.25786100000001
2019-08-12,60.28061200000001
2019-08-13,60.30336300000001
2019-08-14,60.32611400000001
2019-08-15,60.34886500000001
2019-08-16,60.37161600000001
2019-08-19,60.39436700000001
2019-08-20,60.41711800000001
2019-08-21,60.43986900000001
2019-08-22,60.46262000000001
2019-08-23,60.48537100000001
2019-08-26,60.50812200000001
2019-08-27,60.53087300000001
2019-08-28,60.553624000000006
2019-08-29,60.576375000000006
2019-08-30,60.599126000000005
2019-09-02,60.621877000000005
2019-09-03,60.644628000000004
2019-09-04,60.667379000000004
2019-09-05,60.69013
2019-09-06,60.712881
2019-09-09,60.735632
2019-09-10,60.758383
2019-09-11,60.781134
2019-09-12,60.803885
2019-09-13,60.826636
2019-09-16,60.849387
2019-09-17,60.872138
2019-09-18,60.894889
2019-09-19,60.915760999999996
2019-09-20,60.93663299999999
2019-09-23,60.95750499999999
2019-09-24,60.97837699999999
2019-09-25,60.999248999999985
2019-09-26,61.02012099999998
2019-09-27,61.04099299999998
2019-09-30,61.061864999999976
2019-10-01,61.08273699999997
2019-10-02,61.10360899999997
2019-10-03,61.12448099999997
2019-10-04,61.145352999999965
2019-10-07,61.16622499999996
2019-10-08,61.18709699999996
2019-10-09,61.207968999999956
2019-10-10,61.22884099999995
2019-10-11,61.24971299999995
2019-10-14,61.27058499999995
2019-10-15,61.291456999999944
2019-10-16,61.31232899999994
2019-10-17,61.33320099999994
2019-10-18,61.354072999999936
2019-10-21,61.37494499999993
2019-10-22,61.39581699999993
2019-10-23,61.41668899999993
2019-10-24,61.437560999999924
2019-10-25,61.45843299999992
2019-10-28,61.47930499999992
2019-10-29,61.500176999999915
2019-10-30,61.52104899999991
2019-10-31,61.54003399999991
2019-11-01,61.559018999999914
2019-11-04,61.578003999999915
2019-11-05,61.596988999999915
2019-11-06,61.615973999999916
2019-11-07,61.63495899999992
2019-11-08,61.65394399999992
2019-11-11,61.67292899999992
2019-11-12,61.69191399999992
2019-11-13,61.71089899999992
2019-11-14,61.72988399999992
2019-11-18,61.74886899999992
2019-11-19,61.76785399999992
2019-11-20,61.78683899999992
2019-11-21,61.80582399999992
2019-11-22,61.824808999999924
2019-11-25,61.843793999999924
2019-11-26,61.862778999999925
2019-11-27,61.881763999999926
2019-11-28,61.90074899999993
2019-11-29,61.91973399999993
2019-12-02,61.93871899999993
2019-12-03,61.95770399999993
2019-12-04,61.97668899999993
2019-12-05,61.99567399999993
2019-12-06,62.01465899999993
2019-12-09,62.03364399999993
2019-12-10,62.05262899999993
2019-12-11,62.07161399999993
2019-12-12,62.08870299999993
2019-12-13,62.10579199999993
2019-12-16,62.12288099999993
2019-12-17,62.13996999999993
2019-12-18,62.157058999999926
2019-12-19,62.174147999999924
2019-12-20,62.19123699999992
2019-12-23,62.20832599999992
2019-12-24,62.22541499999992
2019-12-26,62.24250399999992
2019-12-27,62.25959299999992
2019-12-30,62.276681999999916
2019-12-31,62.293770999999914
2020-01-02,62.31085999999991
2020-01-03,62.32794899999991
2020-01-06,62.34503799999991
2020-01-07,62.36212699999991
2020-01-08,62.37921599999991
2020-01-09,62.396304999999906
2020-01-10,62.413393999999904
2020-01-13,62.4304829999999
2020-01-14,62.4475719999999
2020-01-15,62.4646609999999
2020-01-16,62.4817499999999
2020-01-17,62.4988389999999
2020-01-20,62.515927999999896
2020-01-21,62.533016999999894
2020-01-22,62.55010599999989
2020-01-23,62.56719499999989
2020-01-24,62.58428399999989
2020-01-27,62.60137299999989
2020-01-28,62.61846199999989
2020-01-29,62.635550999999886
2020-01-30,62.652639999999884
2020-01-31,62.66972899999988
2020-02-03,62.68681799999988
2020-02-04,62.70390699999988
2020-02-05,62.72099599999988
2020-02-06,62.73713299999988
2020-02-07,62.75326999999988
2020-02-10,62.76940699999988
2020-02-11,62.78554399999988
2020-02-12,62.80168099999988
2020-02-13,62.81781799999988
2020-02-14,62.83395499999988
2020-02-17,62.85009199999988
2020-02-18,62.86622899999988
2020-02-19,62.882365999999884
2020-02-20,62.898502999999884
2020-02-21,62.914639999999885
2020-02-26,62.930776999999885
2020-02-27,62.946913999999886
2020-02-28,62.963050999999886
2020-03-02,62.97918799999989
2020-03-03,62.99532499999989
2020-03-04,63.01146199999989
2020-03-05,63.02759899999989
2020-03-06,63.04373599999989
2020-03-09,63.05987299999989
2020-03-10,63.07600999999989
2020-03-11,63.09214699999989
2020-03-12,63.10828399999989
2020-03-13,63.12442099999989
2020-03-16,63.14055799999989
2020-03-17,63.15669499999989
2020-03-18,63.17283199999989
2020-03-19,63.18705899999989
2020-03-20,63.20128599999989
2020-03-23,63.21551299999989
2020-03-24,63.229739999999886
2020-03-25,63.243966999999884
2020-03-26,63.25819399999988
2020-03-27,63.27242099999988
2020-03-30,63.28664799999988
2020-03-31,63.30087499999988
2020-04-01,63.315101999999875
2020-04-02,63.32932899999987
2020-04-03,63.34355599999987
2020-04-06,63.35778299999987
2020-04-07,63.37200999999987
2020-04-08,63.386236999999866
2020-04-09,63.400463999999864
2020-04-13,63.41469099999986
2020-04-14,63.42891799999986
2020-04-15,63.44314499999986
2020-04-16,63.45737199999986
2020-04-17,63.471598999999856
2020-04-20,63.485825999999854
2020-04-22,63.50005299999985
2020-04-23,63.51427999999985
2020-04-24,63.52850699999985
2020-04-27,63.54273399999985
2020-04-28,63.556960999999845
2020-04-29,63.57118799999984
2020-04-30,63.58541499999984
2020-05-04,63.59964199999984
2020-05-05,63.61386899999984
2020-05-06,63.628095999999836
2020-05-07,63.639440999999835
2020-05-08,63.65078599999983
2020-05-11,63.66213099999983
2020-05-12,63.67347599999983
2020-05-13,63.68482099999983
2020-05-14,63.69616599999983
2020-05-15,63.707510999999826
2020-05-18,63.718855999999825
2020-05-19,63.73020099999982
2020-05-20,63.74154599999982
2020-05-21,63.75289099999982
2020-05-22,63.76423599999982
2020-05-25,63.77558099999982
2020-05-26,63.786925999999816
2020-05-27,63.798270999999815
2020-05-28,63.809615999999814
2020-05-29,63.82096099999981
2020-06-01,63.83230599999981
2020-06-02,63.84365099999981
2020-06-03,63.85499599999981
2020-06-04,63.86634099999981
2020-06-05,63.877685999999805
2020-06-08,63.889030999999804
2020-06-09,63.9003759999998
2020-06-10,63.9117209999998
2020-06-12,63.9230659999998
2020-06-15,63.9344109999998
2020-06-16,63.9457559999998
2020-06-17,63.957100999999795
2020-06-18,63.9655429999998
2020-06-19,63.9739849999998
2020-06-22,63.9824269999998
2020-06-23,63.990868999999805
2020-06-24,63.99931099999981
2020-06-25,64.00775299999981
2020-06-26,64.01619499999981
2020-06-29,64.02463699999981
2020-06-30,64.03307899999982
2020-07-01,64.04152099999982
2020-07-02,64.04996299999982
2020-07-03,64.05840499999982
2020-07-06,64.06684699999983
2020-07-07,64.07528899999983
2020-07-08,64.08373099999983
2020-07-09,64.09217299999983
2020-07-10,64.10061499999983
2020-07-13,64.10905699999984
2020-07-14,64.11749899999984
2020-07-15,64.12594099999984
2020-07-16,64.13438299999984
2020-07-17,64.14282499999985
2020-07-20,64.15126699999985
2020-07-21,64.15970899999985
2020-07-22,64.16815099999985
2020-07-23,64.17659299999985
2020-07-24,64.18503499999986
2020-07-27,64.19347699999986
2020-07-28,64.20191899999986
2020-07-29,64.21036099999986
2020-07-30,64.21880299999987
2020-07-31,64.22724499999987
2020-08-03,64.23568699999987
2020-08-04,64.24412899999987
2020-08-05,64.25257099999988
2020-08-06,64.26003999999988
2020-08-07,64.26750899999988
2020-08-10,64.27497799999988
2020-08-11,64.28244699999988
2020-08-12,64.28991599999988
2020-08-13,64.29738499999988
2020-08-14,64.30485399999988
2020-08-17,64.31232299999988
2020-08-18,64.31979199999988
2020-08-19,64.32726099999988
2020-08-20,64.33472999999988
2020-08-21,64.34219899999988
2020-08-24,64.34966799999988
2020-08-25,64.35713699999988
2020-08-26,64.36460599999988
2020-08-27,64.37207499999988
2020-08-28,64.37954399999988
2020-08-31,64.38701299999988
2020-09-01,64.39448199999988
2020-09-02,64.40195099999988
2020-09-03,64.40941999999988
2020-09-04,64.41688899999988
2020-09-08,64.42435799999988
2020-09-09,64.43182699999988
2020-09-10,64.43929599999989
2020-09-11,64.44676499999989
2020-09-14,64.45423399999989
2020-09-15,64.46170299999989
2020-09-16,64.46917199999989
2020-09-17,64.47664099999989
2020-09-18,64.48410999999989
2020-09-21,64.49157899999989
2020-09-22,64.49904799999989
2020-09-23,64.50651699999989
2020-09-24,64.51398599999989
2020-09-25,64.52145499999989
2020-09-28,64.52892399999989
2020-09-29,64.53639299999989
2020-09-30,64.54386199999989
2020-10-01,64.55133099999989
2020-10-02,64.55879999999989
2020-10-05,64.56626899999989
2020-10-06,64.57373799999989
2020-10-07,64.58120699999989
2020-10-08,64.5886759999999
2020-10-09,64.5961449999999
2020-10-13,64.6036139999999
2020-10-14,64.6110829999999
2020-10-15,64.6185519999999
2020-10-16,64.6260209999999
2020-10-19,64.6334899999999
2020-10-20,64.6409589999999
2020-10-21,64.6484279999999
2020-10-22,64.6558969999999
2020-10-23,64.6633659999999
2020-10-26,64.6708349999999
2020-10-27,64.6783039999999
2020-10-28,64.6857729999999
2020-10-29,64.6932419999999
2020-10-30,64.7007109999999
2020-11-03,64.7081799999999
2020-11-04,64.7156489999999
2020-11-05,64.7231179999999
2020-11-06,64.7305869999999
2020-11-09,64.7380559999999
2020-11-10,64.7455249999999
2020-11-11,64.7529939999999
2020-11-12,64.7604629999999
2020-11-13,64.7679319999999
2020-11-16,64.7754009999999
2020-11-17,64.7828699999999
2020-11-18,64.7903389999999
2020-11-19,64.7978079999999
2020-11-20,64.8052769999999
2020-11-23,64.8127459999999
2020-11-24,64.8202149999999
2020-11-25,64.8276839999999
2020-11-26,64.8351529999999
2020-11-27,64.8426219999999
2020-11-30,64.8500909999999
2020-12-01,64.8575599999999
2020-12-02,64.86502899999991
2020-12-03,64.87249799999991
2020-12-04,64.87996699999991
2020-12-07,64.88743599999991
2020-12-08,64.89490499999991
2020-12-09,64.90237399999991
2020-12-10,64.90984299999991
2020-12-11,64.91731199999991
2020-12-14,64.92478099999991
2020-12-15,64.93224999999991
2020-12-16,64.93971899999991
2020-12-17,64.94718799999991
2020-12-18,64.95465699999991
2020-12-21,64.96212599999991
2020-12-22,64.96959499999991
2020-12-23,64.97706399999991
2020-12-24,64.98453299999991
2020-12-28,64.99200199999991
2020-12-29,64.99947099999991
2020-12-30,65.00693999999991
2020-12-31,65.01440899999992
2021-01-04,65.02187799999992
2021-01-05,65.02934699999992
2021-01-06,65.03681599999992
2021-01-07,65.04428499999992
2021-01-08,65.05175399999992
2021-01-11,65.05922299999992
2021-01-12,65.06669199999992
2021-01-13,65.07416099999992
2021-01-14,65.08162999999992
2021-01-15,65.08909899999992
2021-01-18,65.09656799999992
2021-01-19,65.10403699999992
2021-01-20,65.11150599999992
2021-01-21,65.11897499999992
2021-01-22,65.12644399999992
2021-01-25,65.13391299999992
2021-01-26,65.14138199999992
2021-01-27,65.14885099999992
2021-01-28,65.15631999999992
2021-01-29,65.16378899999992
2021-02-01,65.17125799999992
2021-02-02,65.17872699999992
2021-02-03,65.18619599999992
2021-02-04,65.19366499999992
2021-02-05,65.20113399999993
2021-02-08,65.20860299999993
2021-02-09,65.21607199999993
2021-02-10,65.22354099999993
2021-02-11,65.23100999999993
2021-02-12,65.23847899999993
2021-02-17,65.24594799999993
2021-02-18,65.25341699999993
2021-02-19,65.26088599999993
2021-02-22,65.26835499999993
2021-02-23,65.27582399999993
2021-02-24,65.28329299999993
2021-02-25,65.29076199999993
2021-02-26,65.29823099999993
2021-03-01,65.30569999999993
2021-03-02,65.31316899999993
2021-03-03,65.32063799999993
2021-03-04,65.32810699999993
2021-03-05,65.33557599999993
2021-03-08,65.34304499999993
2021-03-09,65.35051399999993
2021-03-10,65.35798299999993
2021-03-11,65.36545199999993
2021-03-12,65.37292099999993
2021-03-15,65.38038999999993
2021-03-16,65.38785899999993
2021-03-17,65.39532799999994
2021-03-18,65.40570699999994
2021-03-19,65.41608599999994
2021-03-22,65.42646499999994
2021-03-23,65.43684399999994
2021-03-24,65.44722299999994
2021-03-25,65.45760199999994
2021-03-26,65.46798099999994
2021-03-29,65.47835999999994
2021-03-30,65.48873899999994
2021-03-31,65.49911799999994
2021-04-01,65.50949699999994
2021-04-05,65.51987599999994
2021-04-06,65.53025499999994
2021-04-07,65.54063399999994
2021-04-08,65.55101299999994
2021-04-09,65.56139199999994
2021-04-12,65.57177099999994
2021-04-13,65.58214999999994
2021-04-14,65.59252899999994
2021-04-15,65.60290799999994
2021-04-16,65.61328699999994
2021-04-19,65.62366599999994
2021-04-20,65.63404499999994
2021-04-22,65.64442399999994
2021-04-23,65.65480299999994
2021-04-26,65.66518199999994
2021-04-27,65.67556099999995
2021-04-28,65.68593999999995
2021-04-29,65.69631899999995
2021-04-30,65.70669799999995
2021-05-03,65.71707699999995
2021-05-04,65.72745599999995
2021-05-05,65.73783499999995
2021-05-06,65.75110399999994
2021-05-07,65.76437299999994
2021-05-10,65.77764199999993
2021-05-11,65.79091099999992
2021-05-12,65.80417999999992
2021-05-13,65.81744899999991
2021-05-14,65.8307179999999
2021-05-17,65.8439869999999
2021-05-18,65.8572559999999
2021-05-19,65.87052499999989
2021-05-20,65.88379399999988
2021-05-21,65.89706299999987
2021-05-24,65.91033199999987
2021-05-25,65.92360099999986
2021-05-26,65.93686999999986
2021-05-27,65.95013899999985
2021-05-28,65.96340799999984
2021-05-31,65.97667699999984
2021-06-01,65.98994599999983
2021-06-02,66.00321499999983
2021-06-04,66.01648399999982
2021-06-07,66.02975299999981
2021-06-08,66.04302199999981
2021-06-09,66.0562909999998
2021-06-10,66.0695599999998
2021-06-11,66.08282899999979
2021-06-14,66.09609799999978
2021-06-15,66.10936699999978
2021-06-16,66.12263599999977
2021-06-17,66.13877299999977
2021-06-18,66.15490999999977
2021-06-21,66.17104699999977
2021-06-22,66.18718399999977
2021-06-23,66.20332099999978
2021-06-24,66.21945799999978
2021-06-25,66.23559499999978
2021-06-28,66.25173199999978
2021-06-29,66.26786899999978
2021-06-30,66.28400599999978
2021-07-01,66.30014299999978
2021-07-02,66.31627999999978
2021-07-05,66.33241699999978
2021-07-06,66.34855399999978
2021-07-07,66.36469099999978
2021-07-08,66.38082799999978
2021-07-09,66.39696499999978
2021-07-12,66.41310199999978
2021-07-13,66.42923899999978
2021-07-14,66.44537599999978
2021-07-15,66.46151299999978
2021-07-16,66.47764999999978
2021-07-19,66.49378699999978
2021-07-20,66.50992399999978
2021-07-21,66.52606099999979
2021-07-22,66.54219799999979
2021-07-23,66.55833499999979
2021-07-26,66.57447199999979
2021-07-27,66.59060899999979
2021-07-28,66.60674599999979
2021-07-29,66.62288299999979
2021-07-30,66.63901999999979
2021-08-02,66.65515699999979
2021-08-03,66.67129399999979
2021-08-04,66.68743099999979
2021-08-05,66.70736099999979
2021-08-06,66.7272909999998
2021-08-09,66.7472209999998
2021-08-10,66.7671509999998
2021-08-11,66.7870809999998
2021-08-12,66.8070109999998
2021-08-13,66.8269409999998
2021-08-16,66.84687099999981
2021-08-17,66.86680099999981
2021-08-18,66.88673099999981
2021-08-19,66.90666099999981
2021-08-20,66.92659099999982
2021-08-23,66.94652099999982
2021-08-24,66.96645099999982
2021-08-25,66.98638099999982
2021-08-26,67.00631099999983
2021-08-27,67.02624099999983
2021-08-30,67.04617099999983
2021-08-31,67.06610099999983
2021-09-01,67.08603099999983
2021-09-02,67.10596099999984
2021-09-03,67.12589099999984
2021-09-06,67.14582099999984
2021-09-08,67.16575099999984
2021-09-09,67.18568099999985
2021-09-10,67.20561099999985
2021-09-13,67.22554099999985
2021-09-14,67.24547099999985
2021-09-15,67.26540099999986
2021-09-16,67.28533099999986
2021-09-17,67.30526099999986
2021-09-20,67.32519099999986
2021-09-21,67.34512099999986
2021-09-22,67.36505099999987
2021-09-23,67.38873799999986
2021-09-24,67.41242499999986
2021-09-27,67.43611199999985
2021-09-28,67.45979899999985
2021-09-29,67.48348599999984
2021-09-30,67.50717299999984
2021-10-01,67.53085999999983
2021-10-04,67.55454699999983
2021-10-05,67.57823399999982
2021-10-06,67.60192099999982
2021-10-07,67.62560799999981
2021-10-08,67.64929499999981
2021-10-11,67.6729819999998
2021-10-13,67.6966689999998
2021-10-14,67.7203559999998
2021-10-15,67.74404299999979
2021-10-18,67.76772999999979
2021-10-19,67.79141699999978
2021-10-20,67.81510399999978
2021-10-21,67.83879099999977
2021-10-22,67.86247799999977
2021-10-25,67.88616499999976
2021-10-26,67.90985199999976
2021-10-27,67.93353899999975
2021-10-28,67.96279499999976
2021-10-29,67.99205099999976
2021-11-01,68.02130699999977
2021-11-03,68.05056299999977
2021-11-04,68.07981899999977
2021-11-05,68.10907499999978
2021-11-08,68.13833099999978
2021-11-09,68.16758699999978
2021-11-10,68.19684299999979
2021-11-11,68.22609899999979
2021-11-12,68.2553549999998
2021-11-16,68.2846109999998
2021-11-17,68.3138669999998
2021-11-18,68.3431229999998
2021-11-19,68.37237899999981
2021-11-22,68.40163499999981
2021-11-23,68.43089099999982
2021-11-24,68.46014699999982
2021-11-25,68.48940299999983
2021-11-26,68.51865899999983
2021-11-29,68.54791499999983
2021-11-30,68.57717099999984
2021-12-01,68.60642699999984
2021-12-02,68.63568299999984
2021-12-03,68.66493899999985
2021-12-06,68.69419499999985
2021-12-07,68.72345099999986
2021-12-08,68.75270699999986
2021-12-09,68.78745599999986
2021-12-10,68.82220499999987
2021-12-13,68.85695399999987
2021-12-14,68.89170299999988
2021-12-15,68.92645199999988
2021-12-16,68.96120099999989
2021-12-17,68.9959499999999
2021-12-20,69.0306989999999
2021-12-21,69.0654479999999
2021-12-22,69.10019699999991
2021-12-23,69.13494599999991
2021-12-24,69.16969499999992
2021-12-27,69.20444399999992
2021-12-28,69.23919299999993
2021-12-29,69.27394199999993
2021-12-30,69.30869099999994
2021-12-31,69.34343999999994
2022-01-03,69.37818899999995
2022-01-04,69.41293799999995
2022-01-05,69.44768699999996
2022-01-06,69.48243599999996
2022-01-07,69.51718499999997
2022-01-10,69.55193399999997
2022-01-11,69.58668299999998
2022-01-12,69.62143199999998
2022-01-13,69.65618099999999
2022-01-14,69.69093
2022-01-17,69.725679
2022-01-18,69.760428
2022-01-19,69.79517700000001
2022-01-20,69.82992600000001
2022-01-21,69.86467500000002
2022-01-24,69.89942400000002
2022-01-25,69.93417300000003
2022-01-26,69.96892200000003
2022-01-27,70.00367100000004
2022-01-28,70.03842000000004
2022-01-31,70.07316900000005
2022-02-01,70.10791800000005
2022-02-02,70.14266700000006
2022-02-03,70.18283500000005
2022-02-04,70.22300300000005
2022-02-07,70.26317100000004
2022-02-08,70.30333900000004
2022-02-09,70.34350700000003
2022-02-10,70.38367500000003
2022-02-11,70.42384300000002
2022-02-14,70.46401100000001
2022-02-15,70.50417900000001
2022-02-16,70.544347
2022-02-17,70.584515
2022-02-18,70.62468299999999
2022-02-21,70.66485099999998
2022-02-22,70.70501899999998
2022-02-23,70.74518699999997
2022-02-24,70.78535499999997
2022-02-25,70.82552299999996
2022-03-02,70.86569099999996
2022-03-03,70.90585899999995
2022-03-04,70.94602699999994
2022-03-07,70.98619499999994
2022-03-08,71.02636299999993
2022-03-09,71.06653099999993
2022-03-10,71.10669899999992
2022-03-11,71.14686699999992
2022-03-14,71.18703499999991
2022-03-15,71.2272029999999
2022-03-16,71.2673709999999
2022-03-17,71.3111099999999
2022-03-18,71.3548489999999
2022-03-21,71.3985879999999
2022-03-22,71.4423269999999
2022-03-23,71.48606599999991
2022-03-24,71.52980499999991
2022-03-25,71.57354399999991
2022-03-28,71.61728299999992
2022-03-29,71.66102199999992
2022-03-30,71.70476099999992
2022-03-31,71.74849999999992
2022-04-01,71.79223899999992
2022-04-04,71.83597799999993
2022-04-05,71.87971699999993
2022-04-06,71.92345599999993
2022-04-07,71.96719499999993
2022-04-08,72.01093399999993
2022-04-11,72.05467299999994
2022-04-12,72.09841199999994
2022-04-13,72.14215099999994
2022-04-14,72.18588999999994
2022-04-18,72.22962899999995
2022-04-19,72.27336799999995
2022-04-20,72.31710699999995
2022-04-22,72.36084599999995
2022-04-25,72.40458499999995
2022-04-26,72.44832399999996
2022-04-27,72.49206299999996
2022-04-28,72.53580199999996
2022-04-29,72.57954099999996
2022-05-02,72.62327999999997
2022-05-03,72.66701899999997
2022-05-04,72.71075799999997
2022-05-05,72.75803699999997
2022-05-06,72.80531599999998
2022-05-09,72.85259499999998
2022-05-10,72.89987399999998
2022-05-11,72.94715299999999
2022-05-12,72.99443199999999
2022-05-13,73.04171099999999
2022-05-16,73.08899
2022-05-17,73.136269
2022-05-18,73.183548
2022-05-19,73.230827
2022-05-20,73.27810600000001
2022-05-23,73.32538500000001
2022-05-24,73.37266400000001
2022-05-25,73.41994300000002
2022-05-26,73.46722200000002
2022-05-27,73.51450100000002
2022-05-30,73.56178000000003
2022-05-31,73.60905900000003
2022-06-01,73.65633800000003
2022-06-02,73.70361700000004
2022-06-03,73.75089600000004
2022-06-06,73.79817500000004
2022-06-07,73.84545400000005
2022-06-08,73.89273300000005
2022-06-09,73.94001200000005
2022-06-10,73.98729100000006
2022-06-13,74.03457000000006
2022-06-14,74.08184900000006
2022-06-15,74.12912800000007
2022-06-17,74.17816500000006
2022-06-20,74.22720200000006
2022-06-21,74.27623900000006
2022-06-22,74.32527600000006
2022-06-23,74.37431300000006
2022-06-24,74.42335000000006
2022-06-27,74.47238700000005
2022-06-28,74.52142400000005
2022-06-29,74.57046100000005
2022-06-30,74.61949800000005
2022-07-01,74.66853500000005
2022-07-04,74.71757200000005
2022-07-05,74.76660900000005
2022-07-06,74.81564600000004
2022-07-07,74.86468300000004
2022-07-08,74.91372000000004
2022-07-11,74.96275700000004
2022-07-12,75.01179400000004
2022-07-13,75.06083100000004
2022-07-14,75.10986800000003
2022-07-15,75.15890500000003
2022-07-18,75.20794200000003
2022-07-19,75.25697900000003
2022-07-20,75.30601600000003
2022-07-21,75.35505300000003
2022-07-22,75.40409000000002
2022-07-25,75.45312700000002
2022-07-26,75.50216400000002
2022-07-27,75.55120100000002
2022-07-28,75.60023800000002
2022-07-29,75.64927500000002
2022-08-01,75.69831200000002
2022-08-02,75.74734900000001
2022-08-03,75.79638600000001
2022-08-04,75.84717400000001
2022-08-05,75.897962
2022-08-08,75.94875
2022-08-09,75.999538
2022-08-10,76.050326
2022-08-11,76.101114
2022-08-12,76.15190199999999
2022-08-15,76.20268999999999
2022-08-16,76.25347799999999
2022-08-17,76.30426599999998
2022-08-18,76.35505399999998
2022-08-19,76.40584199999998
2022-08-22,76.45662999999998
2022-08-23,76.50741799999997
2022-08-24,76.55820599999997
2022-08-25,76.60899399999997
2022-08-26,76.65978199999996
2022-08-29,76.71056999999996
2022-08-30,76.76135799999996
2022-08-31,76.81214599999996
2022-09-01,76.86293399999995
2022-09-02,76.91372199999995
2022-09-05,76.96450999999995
2022-09-06,77.01529799999994
2022-09-08,77.06608599999994
2022-09-09,77.11687399999994
2022-09-12,77.16766199999994
2022-09-13,77.21844999999993
2022-09-14,77.26923799999993
2022-09-15,77.32002599999993
2022-09-16,77.37081399999992
2022-09-19,77.42160199999992
2022-09-20,77.47238999999992
2022-09-21,77.52317799999992
2022-09-22,77.57396599999991
2022-09-23,77.62475399999991
2022-09-26,77.67554199999991
2022-09-27,77.7263299999999
2022-09-28,77.7771179999999
2022-09-29,77.8279059999999
2022-09-30,77.8786939999999
2022-10-03,77.9294819999999
2022-10-04,77.98026999999989
2022-10-05,78.03105799999989
2022-10-06,78.08184599999989
2022-10-07,78.13263399999988
2022-10-10,78.18342199999988
2022-10-11,78.23420999999988
2022-10-13,78.28499799999987
2022-10-14,78.33578599999987
2022-10-17,78.38657399999987
2022-10-18,78.43736199999987
2022-10-19,78.48814999999986
2022-10-20,78.53893799999986
2022-10-21,78.58972599999986
2022-10-24,78.64051399999985
2022-10-25,78.69130199999985
2022-10-26,78.74208999999985
2022-10-27,78.79287799999985
2022-10-28,78.84366599999984
2022-10-31,78.89445399999984
2022-11-01,78.94524199999984
2022-11-03,78.99602999999983
2022-11-04,79.04681799999983
2022-11-07,79.09760599999983
2022-11-08,79.14839399999983
2022-11-09,79.19918199999982
2022-11-10,79.24996999999982
2022-11-11,79.30075799999982
2022-11-14,79.35154599999981
2022-11-16,79.40233399999981
2022-11-17,79.45312199999981
2022-11-18,79.5039099999998
2022-11-21,79.5546979999998
2022-11-22,79.6054859999998
2022-11-23,79.6562739999998
2022-11-24,79.7070619999998
2022-11-25,79.75784999999979
2022-11-28,79.80863799999979
2022-11-29,79.85942599999979
2022-11-30,79.91021399999978
2022-12-01,79.96100199999978
2022-12-02,80.01178999999978
2022-12-05,80.06257799999977
2022-12-06,80.11336599999977
2022-12-07,80.16415399999977
2022-12-08,80.21494199999977
2022-12-09,80.26572999999976
2022-12-12,80.31651799999976
2022-12-13,80.36730599999976
2022-12-14,80.41809399999975
2022-12-15,80.46888199999975
2022-12-16,80.51966999999975
2022-12-19,80.57045799999975
2022-12-20,80.62124599999974
2022-12-21,80.67203399999974
2022-12-22,80.72282199999974
2022-12-23,80.77360999999974
2022-12-26,80.82439799999973
2022-12-27,80.87518599999973
2022-12-28,80.92597399999973
2022-12-29,80.97676199999972
2022-12-30,81.02754999999972
2023-01-02,81.07833799999972
2023-01-03,81.12912599999972
2023-01-04,81.17991399999971
2023-01-05,81.23070199999971
2023-01-06,81.2814899999997
2023-01-09,81.3322779999997
2023-01-10,81.3830659999997
2023-01-11,81.4338539999997
2023-01-12,81.4846419999997
2023-01-13,81.53542999999969
2023-01-16,81.58621799999969
2023-01-17,81.63700599999969
2023-01-18,81.68779399999968
2023-01-19,81.73858199999968
2023-01-20,81.78936999999968
2023-01-23,81.84015799999968
2023-01-24,81.89094599999967
2023-01-25,81.94173399999967
2023-01-26,81.99252199999967
2023-01-27,82.04330999999966
2023-01-30,82.09409799999966
2023-01-31,82.14488599999966
2023-02-01,82.19567399999966
2023-02-02,82.24646199999965
2023-02-03,82.29724999999965
2023-02-06,82.34803799999965
2023-02-07,82.39882599999964
2023-02-08,82.44961399999964
2023-02-09,82.50040199999964
2023-02-10,82.55118999999964
2023-02-13,82.60197799999963
2023-02-14,82.65276599999963
2023-02-15,82.70355399999963
2023-02-16,82.75434199999962
2023-02-17,82.80512999999962
2023-02-22,82.85591799999962
2023-02-23,82.90670599999962
2023-02-24,82.95749399999961
2023-02-27,83.00828199999961
2023-02-28,83.05906999999961
2023-03-01,83.1098579999996
2023-03-02,83.1606459999996
2023-03-03,83.2114339999996
2023-03-06,83.2622219999996
2023-03-07,83.3130099999996
2023-03-08,83.36379799999959
2023-03-09,83.41458599999959
2023-03-10,83.46537399999958
2023-03-13,83.51616199999958
2023-03-14,83.56694999999958
2023-03-15,83.61773799999958
2023-03-16,83.66852599999957
2023-03-17,83.71931399999957
2023-03-20,83.77010199999957
2023-03-21,83.82088999999957
2023-03-22,83.87167799999956
2023-03-23,83.92246599999956
2023-03-24,83.97325399999956
2023-03-27,84.02404199999955
2023-03-28,84.07482999999955
2023-03-29,84.12561799999955
2023-03-30,84.17640599999955
2023-03-31,84.22719399999954
2023-04-03,84.27798199999954
2023-04-04,84.32876999999954
2023-04-05,84.37955799999953
2023-04-06,84.43034599999953
2023-04-10,84.48113399999953
2023-04-11,84.53192199999953
2023-04-12,84.58270999999952
2023-04-13,84.63349799999952
2023-04-14,84.68428599999952
2023-04-17,84.73507399999951
2023-04-18,84.78586199999951
2023-04-19,84.83664999999951
2023-04-20,84.8874379999995
2023-04-24,84.9382259999995
2023-04-25,84.9890139999995
2023-04-26,85.0398019999995
2023-04-27,85.0905899999995
2023-04-28,85.14137799999949
2023-05-02,85.19216599999949
2023-05-03,85.24295399999949
2023-05-04,85.29374199999948
2023-05-05,85.34452999999948
2023-05-08,85.39531799999948
2023-05-09,85.44610599999947
2023-05-10,85.49689399999947
2023-05-11,85.54768199999947
2023-05-12,85.59846999999947
2023-05-15,85.64925799999946
2023-05-16,85.70004599999946
2023-05-17,85.75083399999946
2023-05-18,85.80162199999945
2023-05-19,85.85240999999945
2023-05-22,85.90319799999945
2023-05-23,85.95398599999945
2023-05-24,86.00477399999944
2023-05-25,86.05556199999944
2023-05-26,86.10634999999944
2023-05-29,86.15713799999943
2023-05-30,86.20792599999943
2023-05-31,86.25871399999943
